id,first_name,last_name,email,gender,ip_address
1,Faye,Glazer,fglazer0@auda.org.au,Female,69.249.72.225
2,Wang,Alldre,walldre1@list-manage.com,Male,143.119.227.182
3,Jessamine,Trorey,jtrorey2@freewebs.com,Female,85.100.190.240
4,Sigvard,Jackes,sjackes3@smugmug.com,Male,6.4.63.3
5,Gretel,Litterick,glitterick4@netscape.com,Female,41.233.139.87
6,Ruben,Terrington,rterrington5@photobucket.com,Male,119.85.102.228
7,Giovanna,Copas,gcopas6@si.edu,Female,82.78.120.143
8,Glyn,Foxon,gfoxon7@diigo.com,Male,198.196.7.246
9,Gerrie,Fumagall,gfumagall8@paginegialle.it,Male,39.187.66.114
10,Dayle,Lyenyng,dlyenyng9@shareasale.com,Female,174.245.189.239
11,Delila,Gallacher,dgallachera@ibm.com,Female,225.62.134.78
12,Angelica,Stockney,astockneyb@answers.com,Non-binary,65.35.114.30
13,Gussy,Raimbauld,graimbauldc@lulu.com,Female,119.146.26.106
14,Ofelia,Acors,oacorsd@tiny.cc,Female,172.187.47.24
15,Ancell,Spurritt,aspurritte@eventbrite.com,Male,170.101.143.231
16,Siana,Wells,swellsf@businessweek.com,Female,6.66.48.25
17,Berni,Bernardo,bbernardog@ezinearticles.com,Female,201.181.235.87
18,Dennie,Doulden,ddouldenh@over-blog.com,Male,143.252.49.119
19,Steward,Dobbyn,sdobbyni@virginia.edu,Male,48.239.64.226
20,Chuck,MacDougall,cmacdougallj@vinaora.com,Male,229.72.105.189
21,Ashlee,Cullinan,acullinank@webs.com,Female,197.147.183.184
22,Reynolds,Moggach,rmoggachl@creativecommons.org,Male,198.194.215.128
23,Carlye,Attewell,cattewellm@chicagotribune.com,Female,177.240.85.69
24,Shelley,Jopling,sjoplingn@istockphoto.com,Male,125.11.167.176
25,Silvan,Braime,sbraimeo@blinklist.com,Male,128.41.131.93
26,Abbey,Sandeman,asandemanp@istockphoto.com,Female,153.48.155.126
27,Micheil,Osler,moslerq@cornell.edu,Male,4.109.114.213
28,Malina,Studholme,mstudholmer@epa.gov,Female,90.99.203.179
29,Haywood,Wathen,hwathens@webmd.com,Male,118.119.206.92
30,Sonni,Munt,smuntt@marriott.com,Agender,238.153.249.208
31,Rockwell,Whiff,rwhiffu@bbb.org,Male,44.162.70.13
32,Durward,Stickney,dstickneyv@i2i.jp,Male,118.75.66.3
33,Jessa,Craigie,jcraigiew@is.gd,Female,58.62.228.3
34,Brietta,Hulland,bhullandx@edublogs.org,Female,210.42.144.49
35,Torre,Yegorshin,tyegorshiny@cargocollective.com,Male,149.221.16.205
36,Ingelbert,Diver,idiverz@umn.edu,Male,127.88.209.31
37,Sarette,McFall,smcfall10@bbb.org,Female,98.127.1.100
38,Mame,Kovelmann,mkovelmann11@hao123.com,Female,51.103.64.99
39,Honor,McKinstry,hmckinstry12@qq.com,Female,179.141.0.244
40,Konstantine,Blaisdale,kblaisdale13@usgs.gov,Male,155.139.53.227
41,Flora,Symson,fsymson14@webmd.com,Genderfluid,218.20.175.242
42,Cheston,Eassom,ceassom15@miibeian.gov.cn,Male,237.113.227.25
43,Roxana,Swinburn,rswinburn16@state.gov,Female,116.154.202.8
44,Conn,Gregoire,cgregoire17@imgur.com,Male,44.142.182.61
45,Alon,Cole,acole18@amazon.co.jp,Genderfluid,229.229.163.43
46,Victoria,Beggin,vbeggin19@oracle.com,Female,105.239.251.41
47,Sunny,Banes,sbanes1a@ameblo.jp,Male,146.121.199.5
48,Yanaton,Scowcroft,yscowcroft1b@google.com.hk,Male,199.173.29.0
49,Nevins,Salway,nsalway1c@theglobeandmail.com,Non-binary,119.191.167.222
50,Binni,Karslake,bkarslake1d@va.gov,Female,44.32.54.163
51,Bryn,Glaister,bglaister1e@studiopress.com,Female,211.68.117.105
52,Jule,Lubman,jlubman1f@soup.io,Male,112.159.118.251
53,Gregorius,Noell,gnoell1g@china.com.cn,Male,211.253.223.172
54,Anne,Dubique,adubique1h@dmoz.org,Female,34.146.144.183
55,Ricki,Corfield,rcorfield1i@slate.com,Male,205.116.53.159
56,Orville,Hogbin,ohogbin1j@go.com,Male,230.50.60.2
57,Conan,Furbank,cfurbank1k@e-recht24.de,Male,186.70.8.229
58,Alva,Braim,abraim1l@ihg.com,Male,242.156.216.59
59,Ryan,Britt,rbritt1m@instagram.com,Male,197.248.81.186
60,Amabelle,Tyrie,atyrie1n@cnn.com,Female,211.47.188.69
61,Kris,Tethcote,ktethcote1o@g.co,Male,175.38.200.198
62,Helene,Huggens,hhuggens1p@globo.com,Female,173.73.189.183
63,Hermann,Christian,hchristian1q@apple.com,Male,123.207.86.56
64,Joe,Maseres,jmaseres1r@smh.com.au,Male,159.98.135.229
65,Marcus,MacDermott,mmacdermott1s@nba.com,Male,124.79.42.127
66,Aveline,Conibear,aconibear1t@shinystat.com,Female,243.13.216.184
67,Luther,Scandrite,lscandrite1u@mac.com,Male,29.230.57.254
68,Darsie,Issatt,dissatt1v@newsvine.com,Female,9.220.227.56
69,Thorn,Ortsmann,tortsmann1w@odnoklassniki.ru,Male,247.175.11.186
70,Thibaut,Mioni,tmioni1x@purevolume.com,Male,133.193.230.48
71,Val,Sharple,vsharple1y@techcrunch.com,Female,46.132.106.39
72,Hogan,Austing,hausting1z@ehow.com,Male,57.139.105.213
73,Sharleen,Cuseick,scuseick20@comsenz.com,Genderfluid,225.117.180.72
74,Jeanelle,Tobias,jtobias21@domainmarket.com,Female,200.62.219.0
75,Cy,Van Halen,cvanhalen22@netlog.com,Male,110.171.126.1
76,Valma,Comi,vcomi23@zdnet.com,Female,228.222.11.68
77,Caddric,Dorricott,cdorricott24@forbes.com,Male,53.2.57.147
78,Zachariah,Aiton,zaiton25@youku.com,Male,42.239.237.191
79,Alic,Cottier,acottier26@imdb.com,Male,197.19.113.229
80,Denyse,Allingham,dallingham27@java.com,Female,114.247.93.7
81,Ronald,Gillice,rgillice28@sbwire.com,Male,171.141.63.251
82,Laney,Gridon,lgridon29@rediff.com,Non-binary,162.195.36.152
83,Ciel,Rapaport,crapaport2a@angelfire.com,Female,212.199.72.240
84,Deck,Capnerhurst,dcapnerhurst2b@huffingtonpost.com,Male,80.125.225.49
85,Linette,Alcalde,lalcalde2c@forbes.com,Female,144.234.108.176
86,Kaja,Bestiman,kbestiman2d@cdbaby.com,Female,49.48.216.50
87,Bengt,Tooke,btooke2e@wisc.edu,Male,155.162.97.34
88,Carrol,Berryman,cberryman2f@webmd.com,Male,27.35.93.233
89,Claudelle,Varga,cvarga2g@moonfruit.com,Female,168.39.90.93
90,Simon,Usherwood,susherwood2h@umn.edu,Male,139.116.7.29
91,Antoni,Pengilly,apengilly2i@fc2.com,Male,114.97.126.185
92,Olympia,Hankard,ohankard2j@ucsd.edu,Non-binary,213.61.74.95
93,Ken,Conneely,kconneely2k@hostgator.com,Male,48.162.175.152
94,Arlee,Sertin,asertin2l@usa.gov,Female,4.119.27.153
95,Chucho,MacGuiness,cmacguiness2m@loc.gov,Male,180.221.25.125
96,Shae,Biaggi,sbiaggi2n@mozilla.org,Non-binary,191.178.234.85
97,Fabio,Husset,fhusset2o@printfriendly.com,Male,244.78.240.110
98,Wayne,Fitch,wfitch2p@constantcontact.com,Male,199.241.8.17
99,Belinda,Pearce,bpearce2q@squidoo.com,Female,115.18.78.58
100,Ashlee,Jiru,ajiru2r@behance.net,Female,223.4.106.4
101,Lexy,Gobat,lgobat2s@github.io,Female,97.4.228.166
102,Minnnie,Liley,mliley2t@washingtonpost.com,Female,220.138.79.42
103,Auberta,Clubbe,aclubbe2u@craigslist.org,Female,49.242.13.115
104,Meghan,Bridgeman,mbridgeman2v@amazonaws.com,Agender,145.29.248.253
105,Bren,Nevet,bnevet2w@1688.com,Male,24.96.172.50
106,Joshia,Jeacop,jjeacop2x@com.com,Male,204.226.236.24
107,Korey,Martinec,kmartinec2y@sphinn.com,Male,89.6.14.102
108,Pepe,Castagneri,pcastagneri2z@phpbb.com,Male,96.35.242.130
109,Kathlin,Harriskine,kharriskine30@so-net.ne.jp,Female,65.211.110.61
110,Berrie,Bengtsen,bbengtsen31@blinklist.com,Female,211.192.123.250
111,Ingmar,Bolden,ibolden32@amazonaws.com,Male,217.172.151.40
112,Dame,Hambleton,dhambleton33@illinois.edu,Male,185.60.209.195
113,Idelle,Eldered,ieldered34@biblegateway.com,Female,2.30.46.159
114,Daron,Hacun,dhacun35@mapy.cz,Male,225.95.179.66
115,Athena,McNickle,amcnickle36@columbia.edu,Female,43.240.10.89
116,Kev,Utteridge,kutteridge37@arstechnica.com,Male,148.177.235.1
117,Christie,Draysey,cdraysey38@posterous.com,Male,171.1.9.217
118,Sisile,Fontin,sfontin39@globo.com,Female,108.255.247.116
119,Renaldo,McCafferty,rmccafferty3a@biblegateway.com,Male,192.34.191.80
120,Sollie,Bomfield,sbomfield3b@godaddy.com,Male,144.233.37.10
121,Caril,Moden,cmoden3c@drupal.org,Female,83.232.249.172
122,Chariot,Letixier,cletixier3d@ow.ly,Male,187.205.96.2
123,Maurizio,Filipchikov,mfilipchikov3e@jugem.jp,Genderfluid,60.133.240.207
124,Bendix,Asken,basken3f@time.com,Male,97.10.217.118
125,Chrisy,Parslow,cparslow3g@taobao.com,Male,112.66.145.88
126,Emmalynn,Chavey,echavey3h@usa.gov,Female,235.52.84.54
127,Gawen,Morgon,gmorgon3i@si.edu,Male,162.214.140.19
128,Myrle,Hilling,mhilling3j@addtoany.com,Female,88.67.180.106
129,Martie,Vaggs,mvaggs3k@answers.com,Male,128.65.210.14
130,Tally,Fozzard,tfozzard3l@umich.edu,Male,222.13.177.219
131,Ermanno,Maddox,emaddox3m@is.gd,Male,160.124.90.207
132,Domingo,Orrocks,dorrocks3n@ed.gov,Male,177.8.99.34
133,Rickie,Dwane,rdwane3o@apple.com,Male,28.149.189.50
134,Catharina,Gergolet,cgergolet3p@cornell.edu,Female,230.251.84.231
135,Janel,Toffaloni,jtoffaloni3q@soundcloud.com,Female,210.2.69.158
136,Angie,McAllaster,amcallaster3r@networkadvertising.org,Female,112.67.33.53
137,Reuben,O'Leary,roleary3s@360.cn,Male,16.156.25.94
138,Willie,Lavender,wlavender3t@umn.edu,Agender,252.188.182.114
139,Elfrieda,Crowe,ecrowe3u@examiner.com,Female,236.120.220.124
140,Clark,Pigeram,cpigeram3v@mapquest.com,Male,102.255.207.78
141,Kori,Dilliston,kdilliston3w@jalbum.net,Female,211.143.52.9
142,Flemming,Ovendale,fovendale3x@mail.ru,Bigender,103.39.77.237
143,Casper,Beert,cbeert3y@soup.io,Male,51.0.12.198
144,Jeanelle,Downgate,jdowngate3z@businessweek.com,Female,101.205.135.202
145,Augustus,Kittley,akittley40@xrea.com,Male,85.149.147.148
146,Pietra,Lendrem,plendrem41@google.ru,Female,145.180.193.15
147,Maggi,Minghetti,mminghetti42@tmall.com,Female,161.129.80.64
148,Gardie,Gallamore,ggallamore43@disqus.com,Male,188.14.49.67
149,Boy,Dehn,bdehn44@usnews.com,Male,167.97.42.92
150,Lauren,Stoyles,lstoyles45@mapquest.com,Male,175.18.155.110
151,Ivie,Pendlebury,ipendlebury46@gravatar.com,Female,185.92.70.82
152,Spense,Rannie,srannie47@so-net.ne.jp,Polygender,157.48.51.21
153,Dougy,Turpey,dturpey48@ovh.net,Male,155.169.96.44
154,Ichabod,Jurs,ijurs49@flavors.me,Male,216.210.76.17
155,Brockie,Greystock,bgreystock4a@usda.gov,Bigender,224.133.110.91
156,Cherilynn,Stedson,cstedson4b@t-online.de,Female,160.7.241.10
157,Leigh,Cromley,lcromley4c@tinypic.com,Male,104.49.167.164
158,Kinny,Tulip,ktulip4d@myspace.com,Genderfluid,61.204.141.105
159,Franklin,Tankus,ftankus4e@samsung.com,Genderfluid,139.1.149.32
160,Isac,MacCart,imaccart4f@shop-pro.jp,Male,66.190.109.133
161,Klarika,Gother,kgother4g@cocolog-nifty.com,Female,23.191.136.170
162,Erica,Fallon,efallon4h@illinois.edu,Non-binary,195.149.36.156
163,Queenie,Chastand,qchastand4i@ucsd.edu,Female,194.218.126.250
164,Harris,Fernando,hfernando4j@hp.com,Male,85.6.219.230
165,Rhett,Uwins,ruwins4k@cbsnews.com,Male,35.9.123.14
166,Julianne,Macvey,jmacvey4l@archive.org,Female,110.183.126.248
167,Ivonne,Jovovic,ijovovic4m@squarespace.com,Female,131.228.110.27
168,Agathe,Wandrack,awandrack4n@infoseek.co.jp,Bigender,127.255.18.55
169,Dedie,Riddel,driddel4o@gnu.org,Female,132.17.237.246
170,Adriaens,Duffit,aduffit4p@cloudflare.com,Female,37.215.132.193
171,Emelita,Cuxson,ecuxson4q@macromedia.com,Female,175.221.255.35
172,Sissy,Morden,smorden4r@archive.org,Female,85.243.51.61
173,Teri,Eyckelbeck,teyckelbeck4s@prweb.com,Female,223.209.137.123
174,Yves,McNiff,ymcniff4t@lycos.com,Male,239.10.15.198
175,Carleton,Haysom,chaysom4u@t.co,Male,10.96.84.3
176,Alli,Gilhool,agilhool4v@flavors.me,Female,52.140.77.197
177,Elias,Pabelik,epabelik4w@google.com.au,Male,185.172.70.75
178,Todd,Sydenham,tsydenham4x@telegraph.co.uk,Male,184.163.154.146
179,Sigfrid,Cleland,scleland4y@omniture.com,Male,89.183.211.48
180,Harriet,Klyn,hklyn4z@issuu.com,Female,74.120.201.175
181,Gay,Hercock,ghercock50@nbcnews.com,Male,154.129.217.193
182,Aharon,Glassborow,aglassborow51@omniture.com,Male,147.103.7.127
183,Eda,Gwillym,egwillym52@sakura.ne.jp,Female,230.99.182.65
184,Christoper,McGann,cmcgann53@alexa.com,Male,169.166.222.168
185,Burty,Standingford,bstandingford54@msu.edu,Male,226.226.244.71
186,Ailis,Joiris,ajoiris55@mozilla.com,Female,239.243.254.183
187,Ashil,Hulson,ahulson56@oracle.com,Female,32.181.40.132
188,Parsifal,Finlry,pfinlry57@dmoz.org,Male,178.82.241.183
189,Franny,Puddicombe,fpuddicombe58@theatlantic.com,Male,74.142.161.218
190,Osbourne,Seely,oseely59@deviantart.com,Male,4.81.115.221
191,Ondrea,Lumly,olumly5a@un.org,Female,107.151.104.31
192,Jayme,Connolly,jconnolly5b@ucsd.edu,Female,8.7.78.22
193,Sawyer,Ruppel,sruppel5c@va.gov,Male,203.103.58.141
194,Janeczka,Whifen,jwhifen5d@tripadvisor.com,Female,62.93.48.13
195,Constantine,Roston,croston5e@photobucket.com,Male,110.164.83.194
196,Rogerio,O'Downe,rodowne5f@cbslocal.com,Male,215.169.167.40
197,Herve,Trump,htrump5g@phoca.cz,Male,106.143.101.59
198,Sabina,Stainsby,sstainsby5h@mapy.cz,Female,85.5.225.197
199,Melany,Wingate,mwingate5i@house.gov,Female,113.142.53.108
200,Lorna,Wigmore,lwigmore5j@feedburner.com,Female,187.73.20.9
201,Juanita,Sattin,jsattin5k@freewebs.com,Female,105.40.127.84
202,Ruddy,Eltune,reltune5l@github.com,Male,146.187.246.170
203,Lorie,Oglethorpe,loglethorpe5m@symantec.com,Female,196.43.142.35
204,Rosene,Kleinplatz,rkleinplatz5n@amazon.co.uk,Female,255.77.216.151
205,Levy,Di Claudio,ldiclaudio5o@posterous.com,Male,87.20.162.162
206,Mikaela,Ossulton,mossulton5p@ameblo.jp,Female,87.31.58.28
207,Gay,Bendson,gbendson5q@hatena.ne.jp,Female,147.212.212.34
208,Dana,Dunks,ddunks5r@hc360.com,Female,242.6.10.129
209,Rickard,Orgen,rorgen5s@topsy.com,Male,235.25.213.242
210,Ibbie,Thouless,ithouless5t@seesaa.net,Female,99.166.203.112
211,Biddy,Simes,bsimes5u@blog.com,Female,148.81.21.178
212,Francklin,Dregan,fdregan5v@a8.net,Male,30.174.207.12
213,Trudi,Gianilli,tgianilli5w@aol.com,Female,52.107.184.0
214,Emmett,Cubbinelli,ecubbinelli5x@japanpost.jp,Male,18.115.81.44
215,Dukie,Temblett,dtemblett5y@about.me,Male,67.163.59.247
216,Raffarty,Turnpenny,rturnpenny5z@amazonaws.com,Male,248.38.23.233
217,Laurel,Tunaclift,ltunaclift60@liveinternet.ru,Bigender,207.100.13.116
218,Prince,Wines,pwines61@loc.gov,Male,150.74.135.21
219,Spike,Frizell,sfrizell62@amazon.co.uk,Non-binary,24.69.243.169
220,Nat,O'Gleasane,nogleasane63@mtv.com,Male,173.118.83.37
221,Winnie,Lippingwell,wlippingwell64@cbslocal.com,Male,218.155.174.33
222,Myer,Palister,mpalister65@typepad.com,Male,155.141.196.50
223,Cob,Ilyinykh,cilyinykh66@gov.uk,Male,195.58.123.49
224,Armando,Linne,alinne67@google.nl,Male,99.108.78.241
225,Ardra,Leek,aleek68@over-blog.com,Female,131.192.155.200
226,Lorry,Scatchar,lscatchar69@salon.com,Female,194.53.197.123
227,Deana,Antwis,dantwis6a@mail.ru,Female,71.49.5.44
228,Aguie,Schiementz,aschiementz6b@about.com,Male,159.218.173.116
229,Ronny,Caesman,rcaesman6c@yolasite.com,Male,6.234.214.134
230,Leontyne,Wrigley,lwrigley6d@w3.org,Female,157.9.127.197
231,Perle,Hounsome,phounsome6e@accuweather.com,Female,135.81.81.231
232,Oriana,Kinsett,okinsett6f@amazon.de,Female,109.219.42.161
233,Chancey,Mably,cmably6g@geocities.com,Male,38.125.126.7
234,Jacquetta,McGraith,jmcgraith6h@salon.com,Genderfluid,110.20.128.193
235,Fae,Janu,fjanu6i@dropbox.com,Female,46.55.118.23
236,Abey,Sigert,asigert6j@admin.ch,Male,137.118.80.127
237,Welbie,Hanselmann,whanselmann6k@diigo.com,Bigender,253.250.185.198
238,Anabel,Abbotts,aabbotts6l@yandex.ru,Female,191.230.128.167
239,Cristen,Kleinholz,ckleinholz6m@sphinn.com,Non-binary,155.191.46.201
240,Anson,Hardman,ahardman6n@whitehouse.gov,Non-binary,69.224.128.43
241,Darda,Mazin,dmazin6o@senate.gov,Female,109.57.95.201
242,Emera,Gudge,egudge6p@accuweather.com,Female,192.244.61.109
243,Odette,Seden,oseden6q@goodreads.com,Female,241.49.29.9
244,Niel,Maskill,nmaskill6r@ebay.com,Male,88.114.101.178
245,Baudoin,Davidsson,bdavidsson6s@ihg.com,Male,226.179.121.174
246,Giacomo,Walster,gwalster6t@deviantart.com,Male,39.216.61.90
247,Cynthy,Campanelli,ccampanelli6u@dell.com,Agender,46.94.203.157
248,Randy,Bauchop,rbauchop6v@naver.com,Male,149.125.1.101
249,Randie,McAvaddy,rmcavaddy6w@wikispaces.com,Male,154.254.239.213
250,Cirstoforo,Kiljan,ckiljan6x@google.ru,Male,201.237.115.75
251,Evelyn,Jenman,ejenman6y@usda.gov,Female,43.59.63.170
252,Zebedee,Stawell,zstawell6z@google.cn,Male,192.185.171.251
253,Malia,Murgatroyd,mmurgatroyd70@acquirethisname.com,Non-binary,139.184.101.148
254,Stacy,Bianco,sbianco71@gmpg.org,Female,100.102.217.21
255,Jaimie,Lots,jlots72@bing.com,Male,224.67.214.111
256,Julina,Glentworth,jglentworth73@squidoo.com,Female,253.252.125.112
257,Nita,Prenty,nprenty74@ask.com,Female,23.226.178.44
258,Nikolos,Matitiaho,nmatitiaho75@unblog.fr,Male,111.193.212.235
259,Karry,Grote,kgrote76@sogou.com,Female,171.231.190.44
260,Myles,Gisbourn,mgisbourn77@ustream.tv,Male,138.49.0.147
261,Jodee,Hanalan,jhanalan78@nymag.com,Female,206.35.28.234
262,Shirl,Fer,sfer79@cnet.com,Female,98.22.180.247
263,Mersey,Segoe,msegoe7a@jalbum.net,Female,150.110.244.175
264,Talia,Gargett,tgargett7b@ucoz.com,Agender,183.82.66.145
265,Haroun,Easterling,heasterling7c@topsy.com,Non-binary,94.240.107.24
266,Arthur,Crumley,acrumley7d@gnu.org,Male,4.80.200.223
267,Judon,Shafier,jshafier7e@free.fr,Male,89.242.20.233
268,Norrie,MacAndie,nmacandie7f@feedburner.com,Female,18.13.124.44
269,Cinnamon,Boylin,cboylin7g@ft.com,Female,184.55.249.124
270,Zorina,Klauber,zklauber7h@marriott.com,Polygender,7.227.118.95
271,Hanan,Finnimore,hfinnimore7i@chron.com,Male,114.24.126.220
272,Hillier,Basilio,hbasilio7j@mozilla.org,Male,227.185.16.29
273,Kennith,Lowndesbrough,klowndesbrough7k@hatena.ne.jp,Male,178.201.178.59
274,Kenton,Spinas,kspinas7l@instagram.com,Male,23.20.29.35
275,Helga,Rebillard,hrebillard7m@hostgator.com,Female,8.97.129.127
276,Duke,Gavozzi,dgavozzi7n@alibaba.com,Male,50.246.145.129
277,Flo,Tomashov,ftomashov7o@toplist.cz,Female,94.14.195.15
278,Claretta,William,cwilliam7p@blogger.com,Female,61.224.129.64
279,Horatio,Hubeaux,hhubeaux7q@wisc.edu,Male,107.230.57.236
280,Wilie,Ert,wert7r@nymag.com,Bigender,167.129.17.182
281,Broderick,Dacres,bdacres7s@washington.edu,Male,146.222.140.165
282,Homerus,Rhule,hrhule7t@trellian.com,Male,122.167.125.187
283,Kristi,Woodhead,kwoodhead7u@state.gov,Female,14.42.82.170
284,Omero,Simcoe,osimcoe7v@marriott.com,Male,48.27.116.13
285,Adelbert,Jery,ajery7w@seesaa.net,Male,50.102.201.110
286,Shandie,Duny,sduny7x@dropbox.com,Female,147.201.229.248
287,Tuesday,Risebrow,trisebrow7y@blogspot.com,Female,8.56.75.109
288,Elmore,McUre,emcure7z@businesswire.com,Genderqueer,241.110.135.114
289,Enrique,Pohls,epohls80@friendfeed.com,Male,190.12.122.185
290,Willem,Cave,wcave81@spotify.com,Male,252.230.118.29
291,Kerrie,Biskupiak,kbiskupiak82@elpais.com,Female,103.165.152.163
292,Sargent,Janoch,sjanoch83@mashable.com,Male,18.0.43.249
293,Del,Judron,djudron84@uiuc.edu,Female,111.157.213.98
294,Laina,Darrow,ldarrow85@trellian.com,Female,82.255.23.171
295,Jule,Jone,jjone86@salon.com,Male,131.33.220.112
296,Brandi,Halton,bhalton87@netscape.com,Female,118.196.62.119
297,Merrili,Fenech,mfenech88@pagesperso-orange.fr,Female,245.78.86.115
298,Aurthur,Dearness,adearness89@slashdot.org,Genderfluid,218.222.195.16
299,Ertha,Zorener,ezorener8a@sohu.com,Female,243.1.170.254
300,Rose,Guittet,rguittet8b@netlog.com,Female,1.47.244.72
301,Mickie,McGerr,mmcgerr8c@wordpress.org,Male,163.61.27.121
302,Nobie,Selwin,nselwin8d@is.gd,Male,221.149.28.156
303,Perle,Colyer,pcolyer8e@mtv.com,Female,222.94.44.202
304,Allissa,Harsum,aharsum8f@meetup.com,Agender,23.255.59.243
305,Uriel,Gaveltone,ugaveltone8g@networksolutions.com,Male,128.170.212.183
306,Pennie,Wisson,pwisson8h@51.la,Female,110.70.10.240
307,Ennis,Lis,elis8i@mit.edu,Male,151.30.57.83
308,Morgen,Cashell,mcashell8j@w3.org,Female,177.120.114.102
309,Darby,Fawks,dfawks8k@cdc.gov,Female,61.153.130.55
310,Brewer,MacPaik,bmacpaik8l@theatlantic.com,Male,31.59.118.38
311,Star,Coultard,scoultard8m@mediafire.com,Female,98.182.11.10
312,Pen,Strooband,pstrooband8n@shop-pro.jp,Female,233.80.235.20
313,Ethel,Woodwin,ewoodwin8o@wikispaces.com,Female,104.202.75.171
314,Agnes,Hollyar,ahollyar8p@gizmodo.com,Polygender,232.76.203.13
315,Roddie,Streader,rstreader8q@mediafire.com,Male,14.149.185.242
316,Norman,Bullick,nbullick8r@foxnews.com,Male,164.92.119.226
317,Jervis,Webburn,jwebburn8s@paypal.com,Male,98.246.150.80
318,Emmanuel,Robertucci,erobertucci8t@over-blog.com,Male,132.88.188.80
319,Leon,O'Donoghue,lodonoghue8u@si.edu,Male,8.58.155.201
320,Rozelle,Duesberry,rduesberry8v@meetup.com,Female,196.83.2.253
321,Filbert,Garber,fgarber8w@nhs.uk,Male,94.187.35.183
322,Eddy,Iacobetto,eiacobetto8x@loc.gov,Female,218.212.161.15
323,Michale,Whitwell,mwhitwell8y@flavors.me,Male,144.223.113.70
324,Erek,Laborda,elaborda8z@sfgate.com,Male,81.156.142.14
325,Ardra,Sokill,asokill90@hud.gov,Female,211.133.44.139
326,Isidor,Blackesland,iblackesland91@privacy.gov.au,Polygender,127.199.81.210
327,Minda,Larking,mlarking92@paginegialle.it,Female,221.139.68.52
328,Charo,Dunham,cdunham93@drupal.org,Female,77.59.101.176
329,Cad,Glozman,cglozman94@amazonaws.com,Male,252.93.190.16
330,Gardener,Blacktin,gblacktin95@desdev.cn,Male,51.150.25.230
331,Gradeigh,Lamprey,glamprey96@plala.or.jp,Male,165.161.19.181
332,Kettie,Hanshawe,khanshawe97@abc.net.au,Female,55.38.193.80
333,Tedman,Devo,tdevo98@youtu.be,Male,175.253.99.107
334,Glynnis,Spinozzi,gspinozzi99@chron.com,Genderqueer,232.220.36.239
335,Dominic,Laurance,dlaurance9a@chron.com,Male,105.50.115.181
336,Carie,Bussen,cbussen9b@bandcamp.com,Female,239.141.59.246
337,Pammi,Dickerson,pdickerson9c@google.com.au,Female,89.243.32.138
338,Martie,Airy,mairy9d@cam.ac.uk,Female,67.234.105.162
339,Farlay,Audry,faudry9e@example.com,Male,92.9.199.108
340,Lyssa,Domeney,ldomeney9f@elpais.com,Female,179.62.60.105
341,Nedda,Cargen,ncargen9g@etsy.com,Polygender,226.86.208.56
342,Ewen,Glenny,eglenny9h@clickbank.net,Male,206.88.32.130
343,Wally,Densumbe,wdensumbe9i@eepurl.com,Male,251.127.254.206
344,Roselia,Coom,rcoom9j@theguardian.com,Female,70.209.89.221
345,Cherye,Skeels,cskeels9k@arstechnica.com,Female,166.112.178.105
346,Rudd,Aim,raim9l@weibo.com,Male,167.52.233.67
347,Ruttger,Rabbe,rrabbe9m@ask.com,Male,92.192.60.137
348,Thoma,Pottle,tpottle9n@fema.gov,Male,236.249.100.46
349,Vasilis,Lorain,vlorain9o@wunderground.com,Genderfluid,132.224.222.137
350,Adolpho,Stobbes,astobbes9p@163.com,Male,89.10.251.223
351,Ignacius,Fowlston,ifowlston9q@omniture.com,Male,157.9.22.151
352,Gael,Stockney,gstockney9r@auda.org.au,Male,127.133.212.72
353,Tiffanie,Ewers,tewers9s@ning.com,Female,76.61.94.99
354,Brooks,Granham,bgranham9t@google.ru,Female,203.5.146.105
355,Nelly,Shwalbe,nshwalbe9u@google.it,Female,173.29.245.168
356,Katherine,Zmitrovich,kzmitrovich9v@ifeng.com,Female,127.97.125.225
357,Sawyer,Burris,sburris9w@amazon.com,Male,149.174.153.70
358,Kent,Crowd,kcrowd9x@gnu.org,Male,85.11.152.210
359,Carmelina,Jakobsson,cjakobsson9y@liveinternet.ru,Female,14.232.71.151
360,Frans,Heineking,fheineking9z@sbwire.com,Male,162.164.198.220
361,Andreas,Mengue,amenguea0@epa.gov,Male,232.64.241.249
362,Tandi,Foyle,tfoylea1@com.com,Female,229.160.46.130
363,Felike,Maffin,fmaffina2@psu.edu,Male,107.1.85.2
364,Mavra,Ralton,mraltona3@fotki.com,Female,92.207.36.144
365,Franky,Lipprose,flipprosea4@sitemeter.com,Polygender,79.234.206.212
366,Dom,Minors,dminorsa5@discuz.net,Genderfluid,158.148.152.196
367,Elyssa,Cruft,ecrufta6@spotify.com,Agender,254.200.44.160
368,Lydie,Prise,lprisea7@washingtonpost.com,Female,156.10.187.139
369,Muire,Ogglebie,mogglebiea8@nifty.com,Genderfluid,146.169.178.70
370,Cristobal,Mighele,cmighelea9@bravesites.com,Male,94.41.101.18
371,Ludvig,Lindenberg,llindenbergaa@dailymail.co.uk,Male,101.150.23.160
372,Brnaby,Keddle,bkeddleab@ning.com,Male,219.232.177.108
373,Connie,Smith,csmithac@princeton.edu,Male,71.185.230.219
374,Llewellyn,Punt,lpuntad@myspace.com,Male,49.15.203.244
375,Carmine,Slarke,cslarkeae@yellowpages.com,Female,78.59.8.116
376,Peri,Houlridge,phoulridgeaf@washington.edu,Female,189.29.206.194
377,Georgy,Joel,gjoelag@sbwire.com,Male,129.19.142.176
378,Karla,Bosket,kbosketah@blogger.com,Female,13.109.223.146
379,Hendrika,Eydel,heydelai@taobao.com,Female,255.248.113.6
380,Stormi,Scotson,sscotsonaj@google.com,Agender,41.65.167.140
381,Myles,O'Sharkey,mosharkeyak@google.ca,Male,32.218.106.49
382,Davine,Norree,dnorreeal@nsw.gov.au,Female,136.205.189.13
383,Nancee,Elderidge,nelderidgeam@wunderground.com,Female,16.158.178.102
384,Eleen,Isaq,eisaqan@mapy.cz,Female,251.60.94.138
385,Alexandro,Lode,alodeao@fotki.com,Male,82.11.189.234
386,Kenn,Stopper,kstopperap@slate.com,Male,26.170.77.248
387,Libbi,Aylesbury,laylesburyaq@photobucket.com,Female,124.52.43.151
388,Ruthy,Windridge,rwindridgear@fastcompany.com,Genderfluid,81.42.125.86
389,Mikaela,Chandlar,mchandlaras@si.edu,Female,56.214.167.206
390,Birgit,Colvie,bcolvieat@dyndns.org,Female,253.188.221.196
391,Matthias,Halpine,mhalpineau@who.int,Male,207.7.157.15
392,Modestine,Bridgestock,mbridgestockav@slashdot.org,Female,48.22.177.218
393,Timmie,Berrey,tberreyaw@yelp.com,Male,170.106.62.89
394,Elbertina,Oliva,eolivaax@google.co.jp,Female,216.5.178.58
395,Thorin,Whapples,twhapplesay@omniture.com,Male,202.180.147.122
396,Ailene,Gytesham,agyteshamaz@booking.com,Female,182.39.111.49
397,Ginnifer,Wiffield,gwiffieldb0@springer.com,Female,188.25.73.96
398,Larissa,Stickells,lstickellsb1@shop-pro.jp,Female,86.107.211.164
399,Winnah,Filippazzo,wfilippazzob2@oaic.gov.au,Female,62.22.255.50
400,Jaimie,Louis,jlouisb3@techcrunch.com,Male,145.7.125.146
401,Rouvin,Adelsberg,radelsbergb4@china.com.cn,Male,97.220.62.175
402,Nananne,Digweed,ndigweedb5@webnode.com,Female,50.130.51.141
403,Alma,Rothera,arotherab6@stanford.edu,Female,165.239.253.186
404,Marcos,Hydes,mhydesb7@goo.ne.jp,Male,111.234.120.90
405,Maxie,Arnowitz,marnowitzb8@icio.us,Female,187.124.125.98
406,Muire,Catherick,mcatherickb9@w3.org,Female,243.88.150.36
407,Lilla,Sisey,lsiseyba@aboutads.info,Female,31.211.49.99
408,Hale,Kryska,hkryskabb@jugem.jp,Male,108.73.112.160
409,Betteann,Tumulty,btumultybc@uiuc.edu,Female,49.81.77.163
410,Lisbeth,Desson,ldessonbd@auda.org.au,Female,204.15.77.238
411,Nicolis,Ashbe,nashbebe@biblegateway.com,Male,179.238.183.222
412,Gretchen,Robiot,grobiotbf@goo.ne.jp,Agender,222.28.119.2
413,Jared,Kelsow,jkelsowbg@about.com,Male,109.186.205.17
414,Bethena,Yvon,byvonbh@ed.gov,Agender,112.134.92.46
415,Arnoldo,Dun,adunbi@virginia.edu,Male,237.131.184.32
416,Wally,Caldwell,wcaldwellbj@ft.com,Male,90.75.238.62
417,Robenia,Thunnerclef,rthunnerclefbk@tiny.cc,Female,22.136.154.54
418,Chrotoem,Treweek,ctreweekbl@cnbc.com,Male,107.157.233.154
419,Burr,Heinschke,bheinschkebm@ted.com,Male,251.46.241.44
420,Petronella,Ferrandez,pferrandezbn@biglobe.ne.jp,Female,170.18.206.190
421,Nomi,Castiglione,ncastiglionebo@spotify.com,Female,238.254.107.240
422,Taddeo,Buterton,tbutertonbp@reddit.com,Male,152.66.2.208
423,Reinaldos,Shakspeare,rshakspearebq@netlog.com,Male,47.31.6.19
424,Willie,Holleran,wholleranbr@salon.com,Bigender,163.116.195.225
425,Nanci,Muldowney,nmuldowneybs@hugedomains.com,Female,239.77.145.123
426,Vince,O'Toole,votoolebt@marriott.com,Male,2.36.60.135
427,Sophia,Jeyness,sjeynessbu@ebay.com,Female,141.160.157.105
428,Briano,Humpherson,bhumphersonbv@skype.com,Male,154.216.44.168
429,Tirrell,Zealy,tzealybw@bbc.co.uk,Male,30.150.206.37
430,Larissa,Brodie,lbrodiebx@dailymotion.com,Agender,122.16.152.221
431,Dannie,Hortop,dhortopby@upenn.edu,Male,46.135.145.47
432,Lydon,Burt,lburtbz@linkedin.com,Male,114.1.151.141
433,Christy,Jerred,cjerredc0@csmonitor.com,Agender,108.139.8.59
434,Jeddy,Tregale,jtregalec1@pagesperso-orange.fr,Male,174.21.239.241
435,Athena,Bullcock,abullcockc2@nifty.com,Female,176.36.40.20
436,Ediva,Lisciandri,elisciandric3@imgur.com,Female,6.165.243.114
437,Louis,Sibson,lsibsonc4@163.com,Male,255.182.101.180
438,Darin,Sturrock,dsturrockc5@techcrunch.com,Male,213.197.123.19
439,Kearney,Swinford,kswinfordc6@digg.com,Male,75.248.228.249
440,Phyllys,Ubsdall,pubsdallc7@is.gd,Female,87.192.132.182
441,Hakeem,Coltart,hcoltartc8@independent.co.uk,Male,217.254.205.122
442,Emile,Checklin,echecklinc9@state.gov,Male,73.106.72.141
443,Fern,Trafford,ftraffordca@ft.com,Female,42.0.48.217
444,Hinda,Wrightim,hwrightimcb@biglobe.ne.jp,Female,197.74.177.68
445,Errol,Neylon,eneyloncc@trellian.com,Male,238.36.248.12
446,Freddy,Cantos,fcantoscd@mayoclinic.com,Polygender,171.82.69.217
447,Bernie,Ackrill,backrillce@cbsnews.com,Female,228.224.49.131
448,Vinni,Gianulli,vgianullicf@si.edu,Female,3.17.175.147
449,Merv,Sarath,msarathcg@blogtalkradio.com,Male,29.131.87.75
450,Jasmina,Josilevich,jjosilevichch@ucsd.edu,Female,10.215.227.192
451,Demeter,Renihan,drenihanci@shutterfly.com,Female,173.114.183.52
452,Freddie,Sture,fsturecj@whitehouse.gov,Genderfluid,7.172.21.101
453,Kathy,Flack,kflackck@dropbox.com,Female,23.249.115.119
454,Jacky,Merdew,jmerdewcl@vistaprint.com,Female,196.73.92.33
455,Pearla,Kinchley,pkinchleycm@facebook.com,Female,89.140.22.58
456,Nana,Durnell,ndurnellcn@topsy.com,Female,238.58.179.188
457,Sukey,Adamovitch,sadamovitchco@hibu.com,Female,249.126.172.74
458,Odey,Salleir,osalleircp@businessinsider.com,Male,41.66.188.175
459,Humbert,Bagster,hbagstercq@purevolume.com,Male,111.79.160.79
460,Drusy,Dofty,ddoftycr@ftc.gov,Female,213.254.162.188
461,Ernst,Lasslett,elasslettcs@deliciousdays.com,Male,204.160.41.123
462,Galen,Kilminster,gkilminsterct@shop-pro.jp,Male,245.63.244.85
463,Janith,Pierrepont,jpierrepontcu@github.io,Female,15.240.142.230
464,Peggy,Ord,pordcv@soup.io,Female,213.28.62.252
465,Hilde,Carrigan,hcarrigancw@51.la,Genderfluid,54.0.244.3
466,Caresa,Vlasenko,cvlasenkocx@yahoo.co.jp,Female,182.70.190.90
467,Bentley,Eckh,beckhcy@yandex.ru,Male,188.255.253.46
468,Shawn,Purrington,spurringtoncz@nature.com,Polygender,164.136.177.68
469,Imelda,Mardy,imardyd0@cmu.edu,Female,12.23.50.238
470,Gerik,Frankling,gfranklingd1@wikipedia.org,Agender,50.72.220.108
471,Kennett,Cheese,kcheesed2@chronoengine.com,Male,105.111.49.155
472,Claresta,Ginglell,cginglelld3@dion.ne.jp,Female,136.12.28.40
473,Kory,Adamthwaite,kadamthwaited4@elpais.com,Male,100.222.212.152
474,Erick,Guyan,eguyand5@cnet.com,Male,157.227.174.64
475,Walker,Tammadge,wtammadged6@seattletimes.com,Male,129.111.44.63
476,Howie,Rape,hraped7@ow.ly,Male,209.230.214.77
477,Jo,Arbuckel,jarbuckeld8@google.com.br,Female,26.159.171.133
478,Alfonse,Dalley,adalleyd9@wired.com,Male,235.41.238.161
479,Geri,Mathou,gmathouda@last.fm,Male,34.62.216.217
480,Matt,Mapplebeck,mmapplebeckdb@topsy.com,Male,193.14.242.6
481,Odette,O'Corr,oocorrdc@ftc.gov,Female,173.195.47.217
482,Hyatt,Verdun,hverdundd@craigslist.org,Male,77.152.145.125
483,Blakelee,Allin,ballinde@un.org,Female,46.52.107.253
484,Pace,Aldin,paldindf@prweb.com,Polygender,250.250.228.10
485,Evangeline,MacCook,emaccookdg@networksolutions.com,Female,181.65.182.9
486,Sandro,Moubray,smoubraydh@marketwatch.com,Male,100.59.9.134
487,Eloisa,Bisp,ebispdi@umn.edu,Female,112.5.108.155
488,Virginie,Vest,vvestdj@samsung.com,Female,225.128.157.205
489,Nara,Jakab,njakabdk@ezinearticles.com,Female,96.225.230.77
490,Cyrill,Nielson,cnielsondl@un.org,Genderfluid,154.92.177.118
491,Delbert,Doran,ddorandm@forbes.com,Polygender,213.152.219.64
492,Marget,Eadmeads,meadmeadsdn@answers.com,Female,58.5.85.93
493,Egan,Salter,esalterdo@sina.com.cn,Male,161.98.52.226
494,Burton,Aronow,baronowdp@goo.ne.jp,Agender,193.76.3.51
495,Amie,Sallan,asallandq@jiathis.com,Female,251.104.118.26
496,Cornall,Chimenti,cchimentidr@wikia.com,Male,131.61.86.5
497,Phineas,Collecott,pcollecottds@state.tx.us,Male,213.72.132.127
498,Gustie,Petris,gpetrisdt@vinaora.com,Female,161.38.206.208
499,Julissa,Tanzer,jtanzerdu@virginia.edu,Female,33.88.37.62
500,Friedrick,Plaster,fplasterdv@typepad.com,Male,102.61.164.59
501,Jessey,Lucian,jluciandw@t-online.de,Male,87.198.163.105
502,Chiarra,Towl,ctowldx@google.nl,Female,45.33.70.105
503,Ramsey,Reef,rreefdy@house.gov,Male,114.236.163.89
504,Lauritz,Yakushkev,lyakushkevdz@amazon.de,Male,193.219.138.191
505,Yovonnda,Ward,ywarde0@ezinearticles.com,Female,62.136.221.89
506,Devlen,Jutson,djutsone1@reverbnation.com,Male,21.22.242.224
507,Ryan,Dempster,rdempstere2@msu.edu,Male,45.103.217.97
508,Luciano,Lytton,llyttone3@ca.gov,Male,80.219.3.13
509,Myriam,Welbourn,mwelbourne4@seattletimes.com,Female,100.206.36.21
510,Robert,Heape,rheapee5@dell.com,Male,108.249.17.30
511,Everett,Bullin,ebulline6@infoseek.co.jp,Male,62.107.245.131
512,Percy,Eddowes,peddowese7@tripod.com,Male,248.113.59.99
513,Sissie,Salisbury,ssalisburye8@mac.com,Female,231.248.76.68
514,Zora,Pountney,zpountneye9@surveymonkey.com,Female,252.108.7.68
515,Ashton,Matthew,amatthewea@4shared.com,Male,62.192.104.11
516,Cathrine,Dowtry,cdowtryeb@mozilla.com,Female,141.134.209.44
517,Tobit,Thatcham,tthatchamec@google.de,Male,45.99.211.157
518,Jacynth,Gutch,jgutched@scientificamerican.com,Female,86.162.104.145
519,Tonye,Douche,tdoucheee@pbs.org,Genderfluid,175.33.188.161
520,Cindie,Romanelli,cromanellief@digg.com,Female,74.160.47.240
521,Banky,Le Clercq,bleclercqeg@disqus.com,Genderfluid,4.45.165.90
522,Guendolen,Papps,gpappseh@sogou.com,Agender,92.154.47.141
523,Jean,Sked,jskedei@ox.ac.uk,Polygender,170.30.218.192
524,Miner,Leynagh,mleynaghej@xrea.com,Genderqueer,164.234.13.220
525,Kimmi,Philpots,kphilpotsek@house.gov,Genderfluid,14.39.41.197
526,Waylen,Haine,whaineel@harvard.edu,Male,23.98.140.159
527,Allyce,Gullick,agullickem@sciencedirect.com,Agender,137.145.152.39
528,Cloris,Blankman,cblankmanen@amazon.de,Female,165.45.46.81
529,Theadora,Ghost,tghosteo@huffingtonpost.com,Female,110.202.214.165
530,Jere,Finden,jfindenep@naver.com,Female,45.24.96.46
531,Nelli,Szachniewicz,nszachniewiczeq@amazonaws.com,Genderfluid,135.36.159.43
532,Jorie,Carslake,jcarslakeer@ow.ly,Female,78.171.45.97
533,Matteo,Witham,mwithames@zdnet.com,Male,161.198.115.196
534,Sondra,Dominichelli,sdominichelliet@latimes.com,Female,102.24.110.216
535,Brennen,Polgreen,bpolgreeneu@slashdot.org,Male,111.99.241.16
536,Mariejeanne,Arundel,marundelev@sogou.com,Female,215.149.216.6
537,Mufinella,Cahani,mcahaniew@w3.org,Female,65.81.142.236
538,Christoffer,Kollaschek,ckollaschekex@cloudflare.com,Male,12.215.113.14
539,Paulo,Jemison,pjemisoney@naver.com,Male,44.83.128.38
540,Anson,Kedwell,akedwellez@amazon.co.uk,Agender,156.0.19.87
541,Rania,Aspinal,raspinalf0@pinterest.com,Female,151.11.58.61
542,Arne,Coulthard,acoulthardf1@multiply.com,Male,53.161.80.42
543,Annabell,Emms,aemmsf2@amazon.co.uk,Female,134.107.56.227
544,Westley,Powney,wpowneyf3@youku.com,Male,61.29.29.9
545,Roldan,Negal,rnegalf4@arizona.edu,Male,95.222.1.37
546,Bren,MacBrearty,bmacbreartyf5@harvard.edu,Male,176.76.1.70
547,Pippo,Shakspeare,pshakspearef6@cafepress.com,Male,54.147.30.21
548,Selma,Pletts,splettsf7@prnewswire.com,Female,50.89.67.13
549,Noelyn,Stidston,nstidstonf8@npr.org,Female,193.251.177.128
550,Lianne,Guiraud,lguiraudf9@unc.edu,Female,29.120.175.251
551,Honoria,Brawn,hbrawnfa@php.net,Female,73.4.211.55
552,Tyrus,Janks,tjanksfb@istockphoto.com,Male,108.171.182.96
553,Berke,Bruffell,bbruffellfc@booking.com,Male,123.30.163.194
554,Tallie,Astell,tastellfd@so-net.ne.jp,Male,229.14.84.91
555,Meridith,Everly,meverlyfe@techcrunch.com,Female,223.230.116.231
556,Land,Smorthwaite,lsmorthwaiteff@linkedin.com,Male,156.141.147.226
557,Florina,Mattsson,fmattssonfg@ifeng.com,Polygender,48.237.67.102
558,Annadiana,Buttle,abuttlefh@amazon.co.uk,Female,57.10.155.139
559,Thibaut,Thurbon,tthurbonfi@ft.com,Male,38.148.91.172
560,Traver,Faircliffe,tfaircliffefj@alibaba.com,Male,160.157.61.24
561,Pierce,O'Doghesty,podoghestyfk@yolasite.com,Male,24.192.130.190
562,Hedda,Demare,hdemarefl@chron.com,Female,87.14.93.30
563,Charlot,Biddy,cbiddyfm@cpanel.net,Female,64.211.4.151
564,Sarine,Pretley,spretleyfn@dot.gov,Female,103.216.107.50
565,Celestine,Bussell,cbussellfo@noaa.gov,Female,153.189.39.172
566,Siegfried,Mc Carroll,smccarrollfp@dagondesign.com,Male,85.249.145.227
567,Krissie,Pelfer,kpelferfq@princeton.edu,Female,32.127.88.118
568,Brandy,Kersley,bkersleyfr@msn.com,Male,188.138.68.162
569,Rodolfo,McHarry,rmcharryfs@instagram.com,Male,193.225.99.99
570,Benedict,Pettican,bpetticanft@mac.com,Male,12.168.222.73
571,Bridget,Tearny,btearnyfu@g.co,Female,46.66.74.0
572,Zonda,MacCaughen,zmaccaughenfv@addthis.com,Female,87.64.237.76
573,Verena,Speenden,vspeendenfw@dedecms.com,Polygender,234.28.77.116
574,Gayler,Girardy,ggirardyfx@flickr.com,Male,226.114.49.84
575,Yasmin,Swynley,yswynleyfy@upenn.edu,Female,31.180.28.4
576,Collin,Mangeon,cmangeonfz@diigo.com,Male,174.148.39.41
577,Eryn,Sharpus,esharpusg0@purevolume.com,Female,131.4.39.20
578,Stevana,Brittle,sbrittleg1@npr.org,Female,170.99.91.42
579,Stefa,Ingles,singlesg2@sourceforge.net,Female,26.125.164.98
580,Torey,Clemett,tclemettg3@amazonaws.com,Male,69.205.232.243
581,Chip,Gales,cgalesg4@skyrock.com,Male,110.69.188.67
582,Kellia,Pennetta,kpennettag5@reference.com,Female,244.158.232.192
583,Geoffrey,Fiddian,gfiddiang6@1688.com,Male,93.52.127.51
584,Wilton,Brockwell,wbrockwellg7@umn.edu,Male,236.228.138.228
585,Reg,Dormer,rdormerg8@marketwatch.com,Male,21.67.54.222
586,Harland,Plunkett,hplunkettg9@guardian.co.uk,Male,136.6.37.63
587,Irene,Girauld,igirauldga@vistaprint.com,Female,31.244.68.42
588,Gipsy,Elder,geldergb@ihg.com,Female,192.130.77.172
589,Dollie,Woodberry,dwoodberrygc@nytimes.com,Female,182.73.101.7
590,Billie,Simonard,bsimonardgd@cdbaby.com,Male,0.140.188.169
591,Maighdiln,Richardes,mrichardesge@google.fr,Female,79.92.123.31
592,Sindee,Cuschieri,scuschierigf@blogspot.com,Female,105.49.123.115
593,Jacynth,Hoyte,jhoytegg@domainmarket.com,Female,193.243.187.191
594,Rozanne,Gaunt,rgauntgh@nationalgeographic.com,Female,244.79.197.184
595,Pennie,McCaighey,pmccaigheygi@miitbeian.gov.cn,Male,176.64.43.106
596,Evita,Logg,elogggj@is.gd,Female,254.135.37.163
597,Kayla,Gudyer,kgudyergk@whitehouse.gov,Agender,28.231.235.211
598,Beale,Bousfield,bbousfieldgl@ebay.co.uk,Male,93.84.189.13
599,Zora,Ponten,zpontengm@newyorker.com,Female,218.38.15.71
600,Burt,Wedge,bwedgegn@trellian.com,Genderfluid,71.90.114.214
601,Gordan,Lepere,gleperego@nationalgeographic.com,Male,222.186.60.180
602,Kincaid,Fernando,kfernandogp@prnewswire.com,Male,86.173.135.35
603,Tonye,Belliveau,tbelliveaugq@columbia.edu,Female,124.200.173.232
604,Bette-ann,Bucklan,bbucklangr@a8.net,Female,241.212.21.32
605,Stearne,Harmour,sharmourgs@independent.co.uk,Male,237.219.7.225
606,Johannes,Thrasher,jthrashergt@wikimedia.org,Male,201.57.73.86
607,Rance,Linsay,rlinsaygu@bloglines.com,Male,17.13.78.62
608,Alonzo,Lamp,alampgv@studiopress.com,Male,170.6.233.246
609,Siouxie,Fawlo,sfawlogw@cargocollective.com,Female,116.30.152.173
610,Robb,Cloney,rcloneygx@nymag.com,Male,115.37.41.23
611,Natal,Kirsopp,nkirsoppgy@symantec.com,Male,52.72.31.121
612,Ernaline,Gut,egutgz@163.com,Female,108.95.220.216
613,Frants,Salan,fsalanh0@shop-pro.jp,Male,158.218.76.24
614,Raeann,Cater,rcaterh1@chron.com,Female,67.98.142.67
615,Patten,McMylor,pmcmylorh2@blogger.com,Male,89.158.232.137
616,Fraze,Gisbourn,fgisbournh3@friendfeed.com,Male,255.180.194.67
617,Kalie,Onraet,konraeth4@histats.com,Female,66.245.105.135
618,Isaac,Mather,imatherh5@tamu.edu,Male,252.102.190.58
619,Gaylord,Ottery,gotteryh6@desdev.cn,Male,124.115.19.17
620,Peirce,Capun,pcapunh7@dropbox.com,Male,101.175.189.47
621,Sterne,Connichie,sconnichieh8@ihg.com,Male,95.167.192.19
622,Sig,Dedmam,sdedmamh9@cafepress.com,Male,13.65.163.106
623,Delilah,Santry,dsantryha@e-recht24.de,Genderfluid,10.182.172.64
624,Christie,Ackerley,cackerleyhb@comsenz.com,Male,254.49.125.70
625,Debra,Pilipets,dpilipetshc@ehow.com,Genderqueer,114.188.27.143
626,Akim,Gounel,agounelhd@paginegialle.it,Male,242.198.77.100
627,Tonnie,Scoterbosh,tscoterboshhe@sohu.com,Male,96.169.220.0
628,Kaylyn,Divis,kdivishf@flavors.me,Female,229.81.144.44
629,Brendin,Jurgensen,bjurgensenhg@hp.com,Male,216.142.68.64
630,Daisie,Obey,dobeyhh@youku.com,Female,213.103.210.122
631,Giraldo,McAlindon,gmcalindonhi@google.cn,Agender,213.213.185.127
632,Cam,Hainning,chainninghj@booking.com,Male,154.249.110.81
633,Pierette,De Angelis,pdeangelishk@t.co,Female,191.197.108.46
634,Alis,Paxeford,apaxefordhl@blinklist.com,Female,62.64.150.204
635,Myles,Millimoe,mmillimoehm@jigsy.com,Male,168.140.1.155
636,Susanne,Vitler,svitlerhn@soundcloud.com,Female,154.6.236.249
637,Kit,Cornford,kcornfordho@earthlink.net,Male,95.27.247.130
638,Flo,Sills,fsillshp@macromedia.com,Female,49.216.57.186
639,Aida,Prestige,aprestigehq@howstuffworks.com,Female,69.180.18.125
640,Beaufort,Mixhel,bmixhelhr@sphinn.com,Male,102.227.0.172
641,Laurianne,Densie,ldensiehs@ox.ac.uk,Female,62.90.225.101
642,Fan,Hooke,fhookeht@hexun.com,Female,56.243.243.214
643,Astrid,Witul,awitulhu@upenn.edu,Female,126.239.214.124
644,Denver,Broun,dbrounhv@wikimedia.org,Male,187.205.232.21
645,Cullan,Arnell,carnellhw@pagesperso-orange.fr,Male,168.1.20.240
646,Doro,Huxton,dhuxtonhx@who.int,Female,5.57.3.64
647,Joshua,Winch,jwinchhy@blogspot.com,Male,155.206.83.151
648,Rivi,Warnes,rwarneshz@tumblr.com,Female,222.38.212.206
649,Gare,Indgs,gindgsi0@google.com.au,Male,25.201.160.57
650,Barry,Bletsoe,bbletsoei1@sbwire.com,Male,29.118.37.228
651,Molly,Webby,mwebbyi2@yellowbook.com,Female,101.246.155.37
652,Zach,Palmby,zpalmbyi3@themeforest.net,Male,232.52.232.186
653,Haskell,Shapcote,hshapcotei4@photobucket.com,Male,113.72.231.105
654,Marketa,Girardini,mgirardinii5@1und1.de,Female,9.228.137.220
655,Dre,Kleinhandler,dkleinhandleri6@spotify.com,Female,9.46.220.112
656,Arleyne,Colthurst,acolthursti7@cbsnews.com,Female,167.190.130.120
657,Marjory,Glowinski,mglowinskii8@economist.com,Female,35.194.11.171
658,Florina,Neilands,fneilandsi9@nih.gov,Female,70.24.127.204
659,Georgena,Shelborne,gshelborneia@ifeng.com,Female,18.33.178.242
660,Chet,Rickell,crickellib@goo.ne.jp,Male,57.176.24.238
661,Ronnie,Benoix,rbenoixic@surveymonkey.com,Female,20.191.127.102
662,Lazarus,Lattka,llattkaid@parallels.com,Genderfluid,130.46.211.240
663,Bayard,Howton,bhowtonie@wikimedia.org,Male,204.124.25.104
664,Irena,Hollyland,ihollylandif@dailymail.co.uk,Female,251.89.63.226
665,Octavia,Chalker,ochalkerig@networkadvertising.org,Female,150.245.4.98
666,Patten,Keetch,pkeetchih@dot.gov,Male,155.58.235.242
667,Erroll,Knolles-Green,eknollesgreenii@barnesandnoble.com,Male,57.42.78.238
668,Tabbie,Mansfield,tmansfieldij@answers.com,Male,224.59.120.195
669,Odell,Eagling,oeaglingik@soup.io,Male,6.194.199.8
670,Dale,Marrill,dmarrillil@cnn.com,Female,253.60.180.126
671,Vitoria,Chapman,vchapmanim@blogger.com,Female,61.209.173.94
672,Frederich,Wozencroft,fwozencroftin@cmu.edu,Male,92.149.34.146
673,Melisande,Sprigings,msprigingsio@angelfire.com,Female,159.181.184.248
674,Javier,Fransseni,jfransseniip@indiegogo.com,Male,141.192.149.7
675,Irene,Paulack,ipaulackiq@feedburner.com,Female,39.231.128.156
676,Izzy,Cowderoy,icowderoyir@ox.ac.uk,Male,155.197.216.11
677,Derwin,Prophet,dprophetis@narod.ru,Male,240.81.66.46
678,Irvine,Caselli,icaselliit@wordpress.org,Male,175.19.38.27
679,Wendall,Boocock,wboocockiu@e-recht24.de,Male,82.227.133.208
680,Borden,Goby,bgobyiv@eventbrite.com,Male,20.221.12.130
681,Israel,Ritchie,iritchieiw@hostgator.com,Genderqueer,31.99.58.255
682,Raina,Flinn,rflinnix@hexun.com,Female,62.247.224.47
683,Reggy,Penson,rpensoniy@arizona.edu,Male,126.74.34.41
684,Molli,Lusted,mlustediz@google.com.au,Non-binary,33.155.115.159
685,Victoir,Skate,vskatej0@ask.com,Male,105.166.146.113
686,Clarice,Abdie,cabdiej1@howstuffworks.com,Female,163.18.245.124
687,Charlena,Westmoreland,cwestmorelandj2@webmd.com,Non-binary,18.119.188.225
688,Maximo,Mattusevich,mmattusevichj3@friendfeed.com,Genderqueer,165.157.204.46
689,Adaline,Lammie,alammiej4@odnoklassniki.ru,Female,26.126.18.245
690,Roth,Davidman,rdavidmanj5@upenn.edu,Male,14.225.210.5
691,Ellerey,Saile,esailej6@upenn.edu,Male,12.6.94.167
692,Freemon,McBeath,fmcbeathj7@rambler.ru,Male,134.221.131.86
693,Bondie,Dillway,bdillwayj8@phoca.cz,Non-binary,82.31.222.36
694,Sky,Bedward,sbedwardj9@cafepress.com,Male,161.235.96.239
695,Ulla,Screaton,uscreatonja@toplist.cz,Female,226.105.5.88
696,Gustie,Ellams,gellamsjb@bravesites.com,Female,255.43.88.32
697,Billie,McRitchie,bmcritchiejc@wufoo.com,Male,54.64.45.150
698,Germana,Vango,gvangojd@networkadvertising.org,Female,82.48.215.239
699,Kasper,Ridgeway,kridgewayje@people.com.cn,Male,207.92.157.231
700,Morton,Mullaney,mmullaneyjf@last.fm,Male,160.144.91.250
701,Hyacinth,O'Neal,honealjg@de.vu,Female,22.81.135.180
702,Vicki,Stanner,vstannerjh@slate.com,Female,60.64.128.44
703,Alfred,Dockray,adockrayji@wired.com,Male,185.101.74.148
704,Guenevere,Olyfant,golyfantjj@newyorker.com,Female,26.220.159.68
705,Leona,Fearon,lfearonjk@51.la,Female,172.123.28.207
706,Edithe,Tomczykiewicz,etomczykiewiczjl@narod.ru,Female,151.161.246.80
707,Boot,Mallabar,bmallabarjm@mozilla.com,Male,131.221.8.97
708,Gayla,Swatheridge,gswatheridgejn@parallels.com,Female,236.83.182.128
709,Haywood,Janout,hjanoutjo@jigsy.com,Male,47.21.229.82
710,Babita,Flaherty,bflahertyjp@posterous.com,Female,177.183.244.200
711,Gibby,Knowller,gknowllerjq@g.co,Male,134.104.30.242
712,Antonius,Schrir,aschrirjr@bloglines.com,Male,230.156.234.149
713,Duane,Mohammad,dmohammadjs@goo.gl,Non-binary,38.77.244.185
714,Sven,Toffoloni,stoffolonijt@creativecommons.org,Male,0.90.1.202
715,Trevor,Sebring,tsebringju@cdbaby.com,Agender,47.212.241.60
716,Isac,Portwaine,iportwainejv@plala.or.jp,Male,2.190.9.134
717,Ricardo,Mulholland,rmulhollandjw@sbwire.com,Male,60.72.24.11
718,Gabby,Haton,ghatonjx@cdbaby.com,Male,133.141.206.103
719,Bendix,Canfield,bcanfieldjy@mysql.com,Male,223.203.171.180
720,Carine,Heber,cheberjz@ezinearticles.com,Female,154.64.15.54
721,Errick,Lanfare,elanfarek0@parallels.com,Male,11.186.44.104
722,Garner,Twinborough,gtwinboroughk1@hao123.com,Male,147.253.223.29
723,Gibbie,Fiander,gfianderk2@ovh.net,Male,48.102.17.245
724,Judie,Quest,jquestk3@github.io,Female,105.255.255.8
725,Ivar,Muris,imurisk4@google.com.br,Male,79.4.29.160
726,Sibbie,Shawe,sshawek5@disqus.com,Female,206.102.52.5
727,Homere,Lascelles,hlascellesk6@abc.net.au,Male,106.83.116.84
728,Orsa,Matieu,omatieuk7@dyndns.org,Female,171.228.41.81
729,Kip,Grece,kgrecek8@bravesites.com,Female,219.90.239.4
730,Deny,Selbie,dselbiek9@psu.edu,Female,152.26.255.64
731,Vivyanne,Turner,vturnerka@joomla.org,Female,80.231.208.194
732,Nonie,Noriega,nnoriegakb@wufoo.com,Female,114.119.192.145
733,Margarette,Ordelt,mordeltkc@google.com.br,Female,199.242.233.185
734,Harwilll,Martynikhin,hmartynikhinkd@nhs.uk,Male,234.117.247.167
735,Davon,Jeaneau,djeaneauke@1688.com,Male,60.196.169.116
736,Zondra,Quirk,zquirkkf@nbcnews.com,Female,127.53.8.155
737,Gerry,Orsi,gorsikg@trellian.com,Female,220.238.50.35
738,Cindelyn,Devitt,cdevittkh@digg.com,Female,131.246.67.9
739,Abra,Casetta,acasettaki@wiley.com,Female,100.47.102.238
740,Laina,Bawle,lbawlekj@ow.ly,Female,86.179.207.78
741,Danella,Szymonwicz,dszymonwiczkk@twitter.com,Female,233.71.224.218
742,Elisha,Farey,efareykl@wikispaces.com,Female,137.254.74.91
743,Robinet,Baldetti,rbaldettikm@gnu.org,Female,49.22.99.93
744,Harbert,Minshaw,hminshawkn@cbslocal.com,Genderqueer,81.219.58.50
745,Trueman,Dakers,tdakersko@flickr.com,Male,247.48.206.161
746,Arney,Roddam,aroddamkp@tmall.com,Male,223.42.28.24
747,Shaun,Baxstare,sbaxstarekq@usda.gov,Male,207.168.143.122
748,Courtney,Anneslie,cannesliekr@technorati.com,Female,17.31.118.33
749,Colly,Steeden,csteedenks@moonfruit.com,Female,225.52.201.114
750,Patience,Ringsell,pringsellkt@whitehouse.gov,Female,120.54.169.65
751,James,Lopes,jlopesku@baidu.com,Male,172.64.3.254
752,Krissy,Domney,kdomneykv@ning.com,Female,54.50.17.80
753,Shirlene,Summerbell,ssummerbellkw@reverbnation.com,Female,190.45.116.160
754,Murry,Vockins,mvockinskx@reddit.com,Male,25.243.85.65
755,Torey,Postins,tpostinsky@booking.com,Female,243.71.10.239
756,Andy,Grishinov,agrishinovkz@cnbc.com,Female,213.247.193.183
757,Reinhold,McCuffie,rmccuffiel0@gmpg.org,Male,139.134.101.175
758,Shayne,Kisbee,skisbeel1@gov.uk,Female,29.42.235.138
759,Vina,Gatheridge,vgatheridgel2@nyu.edu,Female,210.180.174.32
760,Cornelius,Andell,candelll3@ca.gov,Male,74.16.42.90
761,Klement,Hryniewicz,khryniewiczl4@theguardian.com,Male,143.7.45.4
762,Rosina,Cobain,rcobainl5@washington.edu,Female,142.220.145.220
763,Olenolin,Jikylls,ojikyllsl6@omniture.com,Non-binary,139.133.115.13
764,Garner,Kennsley,gkennsleyl7@cocolog-nifty.com,Male,133.55.217.159
765,Floris,Dubber,fdubberl8@amazon.co.jp,Female,210.204.149.23
766,Constancia,Proby,cprobyl9@toplist.cz,Female,247.111.57.10
767,Krystal,Arnefield,karnefieldla@fema.gov,Female,121.118.4.94
768,Thom,Vautrey,tvautreylb@hp.com,Male,194.242.185.166
769,Orazio,Marmon,omarmonlc@mac.com,Male,154.72.49.117
770,Jervis,Kildale,jkildaleld@unicef.org,Male,162.83.142.196
771,Odey,Schulz,oschulzle@nsw.gov.au,Male,85.168.153.76
772,Callida,Elson,celsonlf@dmoz.org,Genderfluid,33.87.158.11
773,Jamie,Hayes,jhayeslg@miitbeian.gov.cn,Male,56.153.218.212
774,Dot,Harcourt,dharcourtlh@gizmodo.com,Female,179.123.19.128
775,Madelyn,Paolillo,mpaolilloli@admin.ch,Female,53.236.23.242
776,Consuelo,Quest,cquestlj@dot.gov,Female,116.241.180.129
777,Gradey,Branno,gbrannolk@vk.com,Male,174.5.73.41
778,Ferdinande,Ding,fdingll@fotki.com,Female,253.218.173.48
779,Cart,Masden,cmasdenlm@sina.com.cn,Male,161.20.159.48
780,Charmaine,Lamminam,clamminamln@businessinsider.com,Female,246.139.231.68
781,Isador,Richardeau,irichardeaulo@51.la,Male,182.48.159.145
782,Aurelie,Kubera,akuberalp@examiner.com,Female,200.182.148.48
783,Elsie,Margett,emargettlq@posterous.com,Female,214.248.172.105
784,Gennie,MacCrosson,gmaccrossonlr@is.gd,Female,199.34.26.83
785,Brodie,Yaldren,byaldrenls@abc.net.au,Male,61.47.84.6
786,Emiline,Cleveley,ecleveleylt@amazon.de,Female,88.205.194.88
787,Eb,Wippermann,ewippermannlu@columbia.edu,Male,165.209.34.225
788,Yvette,Pinkerton,ypinkertonlv@utexas.edu,Genderfluid,78.105.187.165
789,Gabriellia,Pleasaunce,gpleasauncelw@photobucket.com,Female,220.23.147.112
790,Nelie,Doe,ndoelx@mozilla.org,Female,208.100.1.94
791,Zeb,Hause,zhausely@scientificamerican.com,Male,244.23.30.214
792,Elvin,Carslaw,ecarslawlz@thetimes.co.uk,Male,197.53.184.118
793,Maria,Jonas,mjonasm0@sitemeter.com,Female,227.20.101.230
794,Jedd,Stoad,jstoadm1@yolasite.com,Male,160.229.108.198
795,Consolata,Andrejs,candrejsm2@storify.com,Female,166.1.21.8
796,Kilian,O'Keaveny,kokeavenym3@netlog.com,Male,242.190.242.136
797,Aigneis,Tuerena,atuerenam4@jalbum.net,Female,60.112.75.112
798,Karry,Climar,kclimarm5@wisc.edu,Female,233.82.74.18
799,Bjorn,Browse,bbrowsem6@yellowpages.com,Male,231.249.120.27
800,Lance,Giannassi,lgiannassim7@stanford.edu,Male,229.69.243.198
801,Dani,Noirel,dnoirelm8@alibaba.com,Female,86.120.127.252
802,Samuele,McCrossan,smccrossanm9@bigcartel.com,Male,155.251.215.247
803,Cyrus,Hauch,chauchma@163.com,Non-binary,24.154.26.196
804,Kele,Stoggles,kstogglesmb@wunderground.com,Male,104.90.109.50
805,Allie,Firebrace,afirebracemc@ning.com,Male,136.63.148.82
806,Edin,Priest,epriestmd@adobe.com,Female,214.175.168.4
807,Claude,O'Glassane,coglassaneme@friendfeed.com,Female,90.179.134.82
808,Maia,Poli,mpolimf@virginia.edu,Female,241.58.56.5
809,Val,D'Aeth,vdaethmg@soundcloud.com,Female,168.89.70.231
810,Emelyne,Siddele,esiddelemh@godaddy.com,Female,42.114.251.193
811,Derby,Mucklestone,dmucklestonemi@sakura.ne.jp,Male,158.0.3.7
812,Raina,Bacon,rbaconmj@webmd.com,Female,86.218.87.22
813,Zebulon,Merwe,zmerwemk@ebay.co.uk,Male,37.205.103.90
814,Marianne,De Bruyne,mdebruyneml@state.tx.us,Female,1.23.209.173
815,Durante,Bingley,dbingleymm@printfriendly.com,Male,201.181.178.195
816,Germaine,Emeney,gemeneymn@booking.com,Male,64.26.203.139
817,Jami,Bearman,jbearmanmo@pen.io,Female,93.238.165.129
818,Ebony,Yurkin,eyurkinmp@hugedomains.com,Female,172.28.136.173
819,Elonore,Lanphier,elanphiermq@diigo.com,Female,1.124.181.156
820,Kenneth,Racine,kracinemr@ed.gov,Male,30.79.76.174
821,Eleanor,Bridgland,ebridglandms@360.cn,Female,158.35.195.117
822,Nanny,Silcox,nsilcoxmt@auda.org.au,Female,101.187.59.199
823,Lyle,Barnbrook,lbarnbrookmu@google.ru,Male,38.172.215.229
824,Donnajean,Fearnall,dfearnallmv@wunderground.com,Female,61.2.244.95
825,Kerk,Cottam,kcottammw@nasa.gov,Male,111.34.38.76
826,Ade,Petto,apettomx@chicagotribune.com,Male,140.85.92.92
827,Adah,Wolland,awollandmy@china.com.cn,Female,28.239.177.29
828,Lukas,Zoane,lzoanemz@wikispaces.com,Male,195.212.214.98
829,Bette,Wilkinson,bwilkinsonn0@bravesites.com,Female,58.102.18.149
830,Lanna,Babalola,lbabalolan1@cbc.ca,Female,107.212.52.158
831,Teddy,Tims,ttimsn2@linkedin.com,Male,220.18.41.12
832,Rorke,Aingel,raingeln3@bloomberg.com,Male,251.46.149.53
833,Deedee,Nares,dnaresn4@howstuffworks.com,Female,46.186.27.132
834,Allistir,Dodgshon,adodgshonn5@sina.com.cn,Male,159.200.114.27
835,Glendon,Lotwich,glotwichn6@cornell.edu,Male,77.2.196.239
836,Nolly,Merck,nmerckn7@chron.com,Male,234.200.49.9
837,Wilmar,Boake,wboaken8@purevolume.com,Male,54.131.101.136
838,Vite,Garfield,vgarfieldn9@netvibes.com,Male,243.128.8.87
839,Nikki,Lidgate,nlidgatena@economist.com,Female,51.86.183.165
840,Andrej,Disbrow,adisbrownb@deliciousdays.com,Male,179.145.219.46
841,Padraic,Jowsey,pjowseync@etsy.com,Male,164.142.1.172
842,Nicky,Chark,ncharknd@google.co.jp,Polygender,108.80.51.112
843,Fred,Yaldren,fyaldrenne@usgs.gov,Female,183.32.184.51
844,Willie,Lupton,wluptonnf@vimeo.com,Female,238.9.194.198
845,Poppy,Grumell,pgrumellng@plala.or.jp,Female,1.140.56.88
846,Tricia,Bygreaves,tbygreavesnh@twitpic.com,Female,93.160.226.61
847,Ida,Gatrell,igatrellni@npr.org,Female,69.245.233.202
848,Lila,Clemence,lclemencenj@nhs.uk,Female,197.4.164.68
849,Theodora,Bonhome,tbonhomenk@1und1.de,Female,130.56.15.255
850,Sanson,Stinchcombe,sstinchcombenl@dot.gov,Male,212.217.134.35
851,Anni,Winspur,awinspurnm@indiegogo.com,Female,247.149.226.212
852,Hanna,Wiggans,hwiggansnn@smh.com.au,Female,230.80.210.195
853,Claresta,Micklewright,cmicklewrightno@google.fr,Female,157.241.124.52
854,Roseline,Duley,rduleynp@cyberchimps.com,Genderfluid,184.136.210.32
855,Isadora,Rowbottom,irowbottomnq@timesonline.co.uk,Female,172.160.92.192
856,Marmaduke,Brazelton,mbrazeltonnr@last.fm,Male,142.245.158.185
857,Far,Boyan,fboyanns@networksolutions.com,Genderfluid,206.200.35.35
858,Kikelia,Chantree,kchantreent@mysql.com,Female,133.205.216.253
859,Chrisy,Drew-Clifton,cdrewcliftonnu@tripadvisor.com,Male,236.217.82.11
860,Demetrius,Lowry,dlowrynv@rediff.com,Male,179.37.159.178
861,Dedra,Tremeer,dtremeernw@github.io,Female,142.78.203.170
862,Odele,Tollemache,otollemachenx@dot.gov,Female,173.218.33.224
863,Horst,Beakes,hbeakesny@weibo.com,Male,60.105.76.109
864,Teddie,Huxstep,thuxstepnz@dion.ne.jp,Genderqueer,244.184.25.139
865,Gordie,Redihalgh,gredihalgho0@weebly.com,Male,137.65.126.104
866,Nico,Carvil,ncarvilo1@ed.gov,Male,76.13.50.189
867,Johnna,Arnolds,jarnoldso2@goo.gl,Female,70.103.216.221
868,Lisa,Iggalden,liggaldeno3@ucla.edu,Female,55.54.147.244
869,Paige,Browett,pbrowetto4@typepad.com,Male,14.55.224.4
870,Laurens,Spellworth,lspellwortho5@artisteer.com,Male,154.24.189.41
871,Kevan,Elderbrant,kelderbranto6@baidu.com,Male,48.159.23.158
872,Valry,Cristofol,vcristofolo7@mashable.com,Bigender,203.22.4.29
873,Harriette,Featenby,hfeatenbyo8@miitbeian.gov.cn,Female,248.62.23.1
874,Cam,Venour,cvenouro9@sohu.com,Male,239.252.135.106
875,Hogan,Lancashire,hlancashireoa@4shared.com,Male,22.160.133.12
876,Bonni,Boys,bboysob@tumblr.com,Female,150.124.181.78
877,Cairistiona,Teek,cteekoc@irs.gov,Female,250.145.33.64
878,Ambrosi,Menpes,amenpesod@soup.io,Male,217.130.173.89
879,Dun,Cossum,dcossumoe@reverbnation.com,Male,170.120.120.79
880,Helen-elizabeth,Spir,hspirof@prlog.org,Genderfluid,101.158.24.64
881,Shannon,Hearon,shearonog@cbsnews.com,Female,224.160.222.180
882,Joye,See,jseeoh@pen.io,Female,159.127.106.173
883,Barbra,Gorden,bgordenoi@salon.com,Genderfluid,199.163.140.120
884,Marylou,Yurocjkin,myurocjkinoj@imdb.com,Female,82.163.166.195
885,Olwen,Huskinson,ohuskinsonok@goo.ne.jp,Female,190.150.32.150
886,Sheelagh,Tomik,stomikol@symantec.com,Female,67.175.84.94
887,Glenn,Caudrelier,gcaudrelierom@slashdot.org,Male,3.248.168.218
888,Loria,Mawford,lmawfordon@accuweather.com,Female,180.220.155.45
889,Rodrigo,Guerra,rguerraoo@mapquest.com,Male,161.63.2.177
890,Harlen,Trelevan,htrelevanop@addtoany.com,Male,151.98.87.215
891,Netty,Aguilar,naguilaroq@si.edu,Female,235.6.196.104
892,Fransisco,Guesford,fguesfordor@epa.gov,Male,148.71.135.136
893,Manon,Meegan,mmeeganos@g.co,Female,202.142.34.119
894,Mureil,Cassin,mcassinot@biglobe.ne.jp,Female,58.106.51.66
895,Joanne,Cookney,jcookneyou@imageshack.us,Polygender,61.191.164.131
896,Tybie,Peare,tpeareov@usgs.gov,Female,27.89.93.60
897,Clemmy,Cassius,ccassiusow@amazon.de,Male,94.183.25.230
898,Beauregard,Usborn,busbornox@sphinn.com,Male,59.42.172.109
899,Lesley,Drinkhill,ldrinkhilloy@usnews.com,Male,202.201.81.41
900,Siana,Oldcote,soldcoteoz@ebay.com,Female,105.185.194.243
901,Dorie,Guiett,dguiettp0@home.pl,Female,199.6.30.158
902,Alyse,Hearnden,ahearndenp1@washingtonpost.com,Female,163.112.115.75
903,Olimpia,Churchard,ochurchardp2@sogou.com,Female,155.18.201.35
904,Ogdan,Lodder,olodderp3@utexas.edu,Male,93.179.221.179
905,Susanetta,Tompkins,stompkinsp4@tamu.edu,Female,153.197.144.181
906,Gilligan,Flockhart,gflockhartp5@woothemes.com,Female,151.31.4.12
907,Caril,Fryett,cfryettp6@multiply.com,Female,144.225.49.69
908,Margaretta,Baggalley,mbaggalleyp7@about.me,Female,159.144.163.133
909,Titos,Stallion,tstallionp8@xrea.com,Male,221.254.152.171
910,Jacques,Scarasbrick,jscarasbrickp9@mozilla.com,Polygender,89.62.221.173
911,Marris,Ducrow,mducrowpa@rakuten.co.jp,Female,173.173.79.3
912,Ardyth,Sheryn,asherynpb@amazon.de,Female,247.205.254.66
913,Babita,Hattrick,bhattrickpc@issuu.com,Female,240.56.70.247
914,Fancie,Rudman,frudmanpd@1und1.de,Female,68.68.94.12
915,Tate,Maudling,tmaudlingpe@pagesperso-orange.fr,Male,117.103.166.76
916,Rosemaria,Vanns,rvannspf@hibu.com,Female,101.201.203.52
917,Cammy,Filipychev,cfilipychevpg@bizjournals.com,Male,58.209.149.223
918,Giovanna,Ransley,gransleyph@ox.ac.uk,Female,166.247.107.248
919,Guinevere,Gillatt,ggillattpi@mail.ru,Female,106.176.26.255
920,Carey,McGorley,cmcgorleypj@desdev.cn,Agender,25.103.14.187
921,Beilul,Minshaw,bminshawpk@goodreads.com,Female,59.60.104.134
922,Jo ann,Leefe,jleefepl@edublogs.org,Female,237.113.169.195
923,Burton,O'Scanlan,boscanlanpm@irs.gov,Male,187.167.59.192
924,Maggi,MacAlester,mmacalesterpn@buzzfeed.com,Female,54.193.198.207
925,Sabra,Mollatt,smollattpo@123-reg.co.uk,Female,4.14.217.155
926,Glen,Cleiment,gcleimentpp@google.it,Male,242.112.218.113
927,Rubin,Gorst,rgorstpq@cargocollective.com,Male,105.54.95.144
928,Alasdair,Cawood,acawoodpr@senate.gov,Male,110.114.70.145
929,Delia,Maylour,dmaylourps@wsj.com,Female,187.136.177.111
930,Fayina,Disley,fdisleypt@marriott.com,Female,211.94.226.117
931,Tulley,Ackrill,tackrillpu@macromedia.com,Male,146.164.35.118
932,Rochell,Skeels,rskeelspv@addtoany.com,Genderqueer,180.242.33.214
933,Juliana,Isaksen,jisaksenpw@springer.com,Female,59.227.171.79
934,Gisela,Beden,gbedenpx@techcrunch.com,Female,27.47.84.47
935,Kenn,Duinbleton,kduinbletonpy@gravatar.com,Male,139.5.132.198
936,Lida,Crock,lcrockpz@paginegialle.it,Female,214.71.94.235
937,Michell,Paterno,mpaternoq0@altervista.org,Female,106.196.158.142
938,Gearalt,Darcey,gdarceyq1@java.com,Male,244.177.172.56
939,Krishna,Casiroli,kcasiroliq2@nhs.uk,Male,211.130.155.21
940,Kalvin,Auty,kautyq3@hostgator.com,Male,184.177.204.226
941,Candace,Bamblett,cbamblettq4@lulu.com,Female,242.248.125.79
942,Iggie,Dursley,idursleyq5@sciencedirect.com,Male,227.211.185.6
943,Nial,Gulleford,ngullefordq6@noaa.gov,Male,159.250.120.214
944,Taite,Fredi,tfrediq7@craigslist.org,Male,86.60.106.181
945,Konstanze,Avraham,kavrahamq8@state.tx.us,Female,134.192.144.125
946,Reena,Faire,rfaireq9@washingtonpost.com,Female,190.58.253.241
947,Melvin,Snasdell,msnasdellqa@opensource.org,Male,164.208.219.16
948,Izaak,Greensite,igreensiteqb@godaddy.com,Male,93.154.42.175
949,Colly,Gasking,cgaskingqc@reuters.com,Non-binary,41.247.73.218
950,Blaire,Dacke,bdackeqd@nymag.com,Female,161.113.232.136
951,Aubrey,Patesel,apateselqe@ftc.gov,Non-binary,24.24.202.183
952,Michael,Winchurch,mwinchurchqf@sciencedaily.com,Male,166.127.133.151
953,Sloan,Cohane,scohaneqg@europa.eu,Male,161.191.232.250
954,Napoleon,Summerson,nsummersonqh@diigo.com,Male,179.251.24.77
955,Hanan,Applegate,happlegateqi@harvard.edu,Male,93.29.111.164
956,Selma,Mossdale,smossdaleqj@altervista.org,Female,126.113.134.153
957,Else,Travis,etravisqk@artisteer.com,Genderfluid,206.24.17.111
958,Pattie,Tafani,ptafaniql@barnesandnoble.com,Female,133.185.87.181
959,Karleen,Chasteau,kchasteauqm@google.com.br,Genderqueer,235.159.252.67
960,Basile,Sproat,bsproatqn@google.es,Male,208.198.89.200
961,Andreana,Spuner,aspunerqo@loc.gov,Female,29.33.240.54
962,Ferdie,McAneny,fmcanenyqp@biglobe.ne.jp,Male,138.174.232.149
963,Wallie,Mallinar,wmallinarqq@multiply.com,Female,174.127.146.43
964,Robyn,Biddlestone,rbiddlestoneqr@mayoclinic.com,Female,53.193.187.173
965,Fulvia,Clemintoni,fclemintoniqs@biglobe.ne.jp,Female,183.91.163.186
966,Onfroi,Giller,ogillerqt@epa.gov,Male,137.219.1.31
967,Carrissa,Alderwick,calderwickqu@naver.com,Female,87.63.157.135
968,Orrin,Ewer,oewerqv@canalblog.com,Male,149.77.92.206
969,Jacquenette,Beesley,jbeesleyqw@is.gd,Female,64.139.118.202
970,Eolanda,Rawkesby,erawkesbyqx@harvard.edu,Female,211.246.136.227
971,Adah,Cornil,acornilqy@webnode.com,Female,111.66.147.220
972,Wileen,Inch,winchqz@xing.com,Female,224.126.241.98
973,Elsey,Thomassen,ethomassenr0@csmonitor.com,Female,224.187.17.35
974,Creigh,Wolfart,cwolfartr1@friendfeed.com,Male,44.200.247.77
975,Vaclav,Nelmes,vnelmesr2@wunderground.com,Genderqueer,18.234.9.5
976,Harli,Simnell,hsimnellr3@simplemachines.org,Female,248.143.218.212
977,Anastasie,Shovlar,ashovlarr4@amazon.de,Female,142.5.19.130
978,Genna,Renon,grenonr5@goo.ne.jp,Female,130.45.238.212
979,Duke,Frane,dfraner6@aol.com,Male,57.62.243.253
980,Burg,Ixer,bixerr7@friendfeed.com,Male,167.63.63.213
981,Wat,Cockshutt,wcockshuttr8@biglobe.ne.jp,Male,218.42.64.101
982,Warden,Elce,welcer9@nps.gov,Male,207.124.111.43
983,Bobette,Roselli,brosellira@auda.org.au,Female,87.237.176.129
984,Georg,Dunthorn,gdunthornrb@icq.com,Male,106.185.170.248
985,Elmer,Layman,elaymanrc@home.pl,Polygender,122.227.223.71
986,Noell,Shimoni,nshimonird@state.tx.us,Female,80.97.81.196
987,Saul,Benda,sbendare@w3.org,Non-binary,18.30.211.58
988,Olin,Harhoff,oharhoffrf@usnews.com,Male,138.66.190.41
989,Noe,Gwinnett,ngwinnettrg@cbslocal.com,Male,135.231.208.31
990,Marcelle,Tunuy,mtunuyrh@nba.com,Female,108.186.37.116
991,Isiahi,Enochsson,ienochssonri@elegantthemes.com,Male,67.60.31.102
992,Gareth,Kiddell,gkiddellrj@tripod.com,Male,178.172.154.20
993,Pryce,Channing,pchanningrk@reddit.com,Male,167.90.149.15
994,Nolana,Badger,nbadgerrl@shop-pro.jp,Female,203.230.5.65
995,Courtney,McIlraith,cmcilraithrm@live.com,Female,106.204.154.119
996,Gan,MacIlory,gmaciloryrn@engadget.com,Male,137.60.67.41
997,Cleveland,Magrane,cmagranero@usda.gov,Male,177.88.63.121
998,Geneva,Dadd,gdaddrp@ebay.co.uk,Female,40.107.39.79
999,Rora,Sabbin,rsabbinrq@surveymonkey.com,Female,56.85.90.249
1000,Romeo,Grimm,rgrimmrr@mozilla.org,Male,36.44.4.137
