id,first_name,last_name,email,gender,ip_address
1,Fernando,Sapsed,fsapsed0@wordpress.org,Male,62.4.197.41
2,Jsandye,Pearcehouse,jpearcehouse1@friendfeed.com,Female,73.8.122.172
3,Moises,Liggens,mliggens2@seattletimes.com,Male,19.4.74.157
4,Jilly,Perrington,jperrington3@house.gov,Female,54.64.198.179
5,Reagan,Laingmaid,rlaingmaid4@123-reg.co.uk,Male,84.131.150.213
6,Cobbie,Valek,cvalek5@domainmarket.com,Male,206.237.114.16
7,Mab,Charity,mcharity6@wikipedia.org,Female,165.55.149.148
8,Chandra,Ouldred,couldred7@webmd.com,Female,31.186.170.135
9,Alvie,Worral,aworral8@berkeley.edu,Male,190.68.171.180
10,Alikee,Barratt,abarratt9@usgs.gov,Female,235.45.189.178
