id,first_name,last_name,email,gender,ip_address
1,Ezmeralda,Merrigan,emerrigan0@so-net.ne.jp,Female,142.131.182.79
2,Cyrillus,Bruckmann,cbruckmann1@yellowpages.com,Male,139.79.197.123
3,Justin,Gresswood,jgresswood2@exblog.jp,Male,235.235.72.160
4,Noellyn,Gynn,ngynn3@nps.gov,Female,176.43.174.229
5,Sydney,Lavalde,slavalde4@google.co.uk,Female,228.246.221.187
6,Adella,Dusey,adusey5@sogou.com,Female,136.174.159.73
7,Tabatha,Braybrookes,tbraybrookes6@nba.com,Female,231.19.126.0
8,Bartolemo,Hirsch,bhirsch7@un.org,Male,191.75.156.235
9,Sandro,Alston,salston8@t-online.de,Male,205.18.38.5
10,Terra,Gayler,tgayler9@blogs.com,Female,225.112.138.92
11,Edgardo,Yepiskov,eyepiskova@illinois.edu,Male,203.140.181.211
12,Stanleigh,Renneke,srennekeb@google.it,Male,117.173.199.129
13,Essy,Dyke,edykec@latimes.com,Female,5.48.208.95
14,Dorothee,Garken,dgarkend@mediafire.com,Female,21.78.3.158
15,Shara,Gealy,sgealye@earthlink.net,Female,45.182.31.244
16,Tansy,Kort,tkortf@time.com,Female,106.175.38.120
17,Christel,Dickson,cdicksong@about.me,Female,85.174.14.20
18,Brittaney,Groven,bgrovenh@freewebs.com,Female,11.187.235.223
19,Katherina,De Cruz,kdecruzi@quantcast.com,Female,35.62.178.1
20,Meredithe,Yankeev,myankeevj@nih.gov,Female,157.71.18.233
21,Fran,Stormonth,fstormonthk@amazonaws.com,Male,230.72.5.49
22,Abdel,Adamides,aadamidesl@mit.edu,Male,54.250.96.135
23,Stanwood,Iceton,sicetonm@wisc.edu,Male,108.151.0.173
24,Alecia,Grealy,agrealyn@yelp.com,Female,201.132.60.148
25,Dov,Vinnick,dvinnicko@printfriendly.com,Genderqueer,220.210.68.126
26,Bev,Bowbrick,bbowbrickp@taobao.com,Male,163.31.131.229
27,Legra,Gush,lgushq@statcounter.com,Female,131.234.67.255
28,Dorian,D'Elias,ddeliasr@soup.io,Female,41.177.144.31
29,Ashly,Covil,acovils@themeforest.net,Female,14.193.234.55
30,Leodora,Flockhart,lflockhartt@nydailynews.com,Female,164.135.202.112
31,Goldia,Rainsdon,grainsdonu@usda.gov,Female,15.58.150.18
32,Misti,Gallichan,mgallichanv@nyu.edu,Female,205.93.97.94
33,Dietrich,Jardine,djardinew@edublogs.org,Male,69.163.73.134
34,Carie,Muneely,cmuneelyx@pcworld.com,Female,41.48.114.55
35,Bertina,Spink,bspinky@csmonitor.com,Female,165.12.237.162
36,Herculie,Bertelet,hberteletz@businessweek.com,Male,118.49.219.167
37,Thaddus,Pocknoll,tpocknoll10@accuweather.com,Male,152.49.9.48
38,Patin,Goade,pgoade11@bloglovin.com,Genderqueer,147.68.37.107
39,Brandea,Dockrell,bdockrell12@pcworld.com,Female,50.122.184.102
40,Claretta,Beckworth,cbeckworth13@4shared.com,Female,232.119.161.202
41,Kanya,Lissandre,klissandre14@paypal.com,Female,211.182.166.74
42,Beth,Philson,bphilson15@desdev.cn,Female,210.120.177.114
43,Paola,Kundt,pkundt16@hostgator.com,Female,41.241.117.175
44,Clarissa,Guinn,cguinn17@ucla.edu,Female,20.178.1.238
45,Corny,Boake,cboake18@i2i.jp,Female,81.90.179.142
46,Evvie,Christofol,echristofol19@goo.ne.jp,Female,48.138.44.22
47,Gilberte,Copyn,gcopyn1a@apple.com,Female,54.210.202.85
48,Ethelda,Hallen,ehallen1b@sogou.com,Female,62.229.206.233
49,Imojean,Hurn,ihurn1c@friendfeed.com,Female,11.45.128.145
50,Marnia,Zettoi,mzettoi1d@ehow.com,Female,181.211.149.122
51,Gray,Tebbut,gtebbut1e@oracle.com,Male,133.24.83.223
52,Diego,Strutt,dstrutt1f@about.com,Male,220.181.212.110
53,Pammi,Stubs,pstubs1g@e-recht24.de,Female,105.208.227.37
54,Lilah,Crus,lcrus1h@pinterest.com,Female,120.181.62.166
55,Nat,Callaghan,ncallaghan1i@boston.com,Genderfluid,43.192.92.198
56,Brooks,Worton,bworton1j@tripadvisor.com,Female,196.206.68.215
57,Jane,Syratt,jsyratt1k@unesco.org,Female,89.189.173.248
58,Northrup,Brisard,nbrisard1l@earthlink.net,Male,226.160.147.150
59,Kaitlynn,Hannent,khannent1m@1und1.de,Female,18.81.80.26
60,Mahmoud,Enrich,menrich1n@amazon.co.uk,Male,150.189.208.235
61,Dennison,Whitfeld,dwhitfeld1o@mit.edu,Male,232.15.89.83
62,Tamarah,Charman,tcharman1p@sphinn.com,Female,139.76.196.74
63,Thalia,Burbury,tburbury1q@edublogs.org,Female,32.6.82.182
64,Sibeal,Colpus,scolpus1r@opera.com,Female,16.52.106.154
65,Tobias,Flecknell,tflecknell1s@nyu.edu,Male,149.106.104.44
66,Addie,Jenne,ajenne1t@163.com,Female,205.180.8.95
67,Gonzales,Ovendon,govendon1u@ucla.edu,Male,157.236.238.218
68,Alfreda,Hinners,ahinners1v@sitemeter.com,Female,108.112.78.74
69,Brander,Hotton,bhotton1w@house.gov,Male,114.143.13.58
70,Gustavo,Reedick,greedick1x@nifty.com,Male,193.84.48.7
71,Kevan,Dilgarno,kdilgarno1y@photobucket.com,Male,20.109.238.224
72,Bendix,Pulhoster,bpulhoster1z@behance.net,Male,18.100.77.9
73,Kati,Rubenczyk,krubenczyk20@miibeian.gov.cn,Female,1.31.55.179
74,Veronike,O'Fielly,vofielly21@dyndns.org,Female,54.128.47.230
75,Talyah,Adshead,tadshead22@163.com,Female,56.87.100.224
76,Tori,Oldall,toldall23@theatlantic.com,Female,78.230.54.33
77,Philippine,Airdrie,pairdrie24@tinypic.com,Female,95.64.111.15
78,Etty,O'Caine,eocaine25@delicious.com,Female,56.193.16.106
79,Shaina,Coots,scoots26@dailymotion.com,Female,196.17.60.133
80,My,Goodinge,mgoodinge27@dell.com,Male,191.54.47.17
81,Coleman,Gahan,cgahan28@amazon.co.uk,Male,255.173.244.117
82,Livvyy,Bohlje,lbohlje29@sakura.ne.jp,Female,24.14.232.144
83,Francesco,Briat,fbriat2a@cbsnews.com,Male,190.44.238.130
84,Pooh,Bullock,pbullock2b@blogtalkradio.com,Female,103.225.62.29
85,Roman,Eick,reick2c@mayoclinic.com,Male,148.247.71.184
86,Lindsey,Dicke,ldicke2d@nature.com,Male,51.145.164.158
87,Fedora,Samwaye,fsamwaye2e@blog.com,Female,10.37.183.144
88,Sari,Austen,sausten2f@upenn.edu,Female,65.11.169.119
89,Carlota,d'Escoffier,cdescoffier2g@exblog.jp,Agender,198.15.175.87
90,Mattie,Botting,mbotting2h@lycos.com,Genderqueer,57.45.173.32
91,Torr,Artharg,tartharg2i@admin.ch,Bigender,34.224.185.125
92,Jennette,Wafer,jwafer2j@google.nl,Female,86.13.78.9
93,Haily,Starzaker,hstarzaker2k@bandcamp.com,Female,7.230.142.246
94,Drake,Fellnee,dfellnee2l@netvibes.com,Male,85.162.122.5
95,Rogers,Popham,rpopham2m@taobao.com,Male,26.18.226.146
96,Natividad,Tremberth,ntremberth2n@marriott.com,Female,169.34.9.170
97,Ortensia,Norres,onorres2o@amazon.co.jp,Female,15.211.134.66
98,Gertruda,Fransseni,gfransseni2p@about.me,Female,158.90.171.33
99,Murvyn,Woodruff,mwoodruff2q@mac.com,Male,63.187.100.22
100,Mannie,Degoey,mdegoey2r@examiner.com,Male,109.116.186.209
101,Gabby,Ivakhno,givakhno2s@bravesites.com,Male,198.84.65.184
102,Revkah,Wylie,rwylie2t@godaddy.com,Female,214.41.135.27
103,Barny,Varden,bvarden2u@google.it,Male,188.75.97.249
104,Velma,MacElane,vmacelane2v@msn.com,Female,103.90.150.192
105,Shandy,Stranger,sstranger2w@parallels.com,Female,96.82.232.178
106,Eda,Edgeson,eedgeson2x@paginegialle.it,Genderqueer,223.116.33.46
107,Bettye,Shere,bshere2y@timesonline.co.uk,Non-binary,214.189.101.98
108,Lorenza,MacClancey,lmacclancey2z@sciencedirect.com,Female,148.53.1.178
109,Jaquith,Gatheral,jgatheral30@nsw.gov.au,Female,15.131.142.164
110,Tansy,Torn,ttorn31@un.org,Female,45.217.235.40
111,Nanon,MacAne,nmacane32@pinterest.com,Female,74.101.220.249
112,Josephine,Byk,jbyk33@ning.com,Female,208.248.173.129
113,Kara,Leverton,kleverton34@huffingtonpost.com,Female,233.15.201.94
114,Chiarra,Ewens,cewens35@vkontakte.ru,Female,236.144.163.12
115,Dale,Fleckness,dfleckness36@alexa.com,Female,251.116.99.54
116,Melisandra,Newick,mnewick37@furl.net,Genderqueer,85.15.69.9
117,Germana,Thexton,gthexton38@state.gov,Female,104.195.22.135
118,Micaela,O'Halloran,mohalloran39@dell.com,Female,20.245.212.88
119,Shirl,Sainer,ssainer3a@phpbb.com,Female,120.178.201.34
120,Archie,Swatten,aswatten3b@nytimes.com,Male,101.188.255.110
121,Joaquin,Kynan,jkynan3c@google.ru,Male,211.232.230.130
122,Ferne,Zeale,fzeale3d@upenn.edu,Genderqueer,83.213.88.74
123,Ugo,Crush,ucrush3e@epa.gov,Male,170.126.108.222
124,Arlin,Mabbutt,amabbutt3f@wordpress.com,Polygender,140.40.19.254
125,Agna,Ambroz,aambroz3g@indiegogo.com,Female,128.146.119.150
126,Cortney,Bouzek,cbouzek3h@answers.com,Female,186.88.57.208
127,Wilona,Carff,wcarff3i@mac.com,Female,67.19.166.235
128,Tyrone,Dimsdale,tdimsdale3j@buzzfeed.com,Male,19.171.218.248
129,Elysee,Swansborough,eswansborough3k@parallels.com,Female,138.127.32.196
130,Barrie,Woollcott,bwoollcott3l@discovery.com,Male,195.96.188.208
131,Stephana,Lydall,slydall3m@ustream.tv,Female,96.116.215.138
132,Hanson,Bernath,hbernath3n@theatlantic.com,Male,166.2.140.144
133,Raul,Pawellek,rpawellek3o@constantcontact.com,Bigender,255.252.58.227
134,Glenn,Slocumb,gslocumb3p@timesonline.co.uk,Female,228.216.95.70
135,Waldemar,Thirlwall,wthirlwall3q@wunderground.com,Polygender,188.244.32.224
136,Cort,Gerhardt,cgerhardt3r@imdb.com,Male,1.202.114.134
137,Jamie,Lamartine,jlamartine3s@disqus.com,Bigender,31.177.181.110
138,Corly,Onions,conions3t@cocolog-nifty.com,Female,79.12.46.144
139,Laraine,MacColgan,lmaccolgan3u@stumbleupon.com,Female,132.51.53.4
140,Rolando,Tilney,rtilney3v@w3.org,Male,245.56.34.12
141,Correna,Southall,csouthall3w@biblegateway.com,Female,2.54.77.230
142,Wrennie,Ronci,wronci3x@mlb.com,Female,25.42.30.75
143,Sarena,Cabotto,scabotto3y@sina.com.cn,Female,129.171.28.187
144,Lita,Gallaccio,lgallaccio3z@instagram.com,Female,163.199.233.137
145,Mellisa,Reah,mreah40@google.co.uk,Female,227.32.58.235
146,Donal,Scotsbrook,dscotsbrook41@artisteer.com,Non-binary,65.135.59.42
147,Elvyn,Tilney,etilney42@blogs.com,Male,237.143.247.63
148,Cassondra,Dymidowicz,cdymidowicz43@yellowbook.com,Female,27.206.152.43
149,Brose,Ibbotson,bibbotson44@alexa.com,Male,124.63.18.49
150,Rand,McCready,rmccready45@skype.com,Male,47.240.51.1
151,Harper,Oger,hoger46@woothemes.com,Male,12.0.179.236
152,Harri,Walthall,hwalthall47@nba.com,Female,189.173.206.230
153,Silvan,Gewer,sgewer48@google.com,Male,168.6.127.133
154,Curr,Coyne,ccoyne49@twitter.com,Male,227.98.45.220
155,Veronika,Furze,vfurze4a@studiopress.com,Female,140.245.49.129
156,Valerie,Howle,vhowle4b@i2i.jp,Polygender,68.53.228.111
157,Ingrid,Leader,ileader4c@weather.com,Bigender,119.76.94.93
158,Adrianne,Cosford,acosford4d@squidoo.com,Female,135.79.58.237
159,Deidre,Cholerton,dcholerton4e@friendfeed.com,Bigender,37.65.40.230
160,Amos,Bradnick,abradnick4f@admin.ch,Male,141.35.137.247
161,Melvyn,Noor,mnoor4g@eepurl.com,Male,253.241.19.120
162,Alanna,Skelbeck,askelbeck4h@addthis.com,Female,203.36.130.29
163,Heidi,Fri,hfri4i@walmart.com,Female,185.159.178.218
164,Wildon,Betham,wbetham4j@comcast.net,Male,134.231.45.64
165,Kassia,Bartrap,kbartrap4k@buzzfeed.com,Female,133.130.9.180
166,Monro,Edgecombe,medgecombe4l@cpanel.net,Male,141.8.228.29
167,Hervey,Haggerstone,hhaggerstone4m@i2i.jp,Male,53.37.122.86
168,Tanya,Meugens,tmeugens4n@lulu.com,Female,170.113.110.239
169,Noni,Newbold,nnewbold4o@jalbum.net,Female,183.241.120.104
170,Lew,Beeching,lbeeching4p@jiathis.com,Male,38.213.126.49
171,Arley,Janczak,ajanczak4q@dion.ne.jp,Male,13.64.247.108
172,Mar,Poyser,mpoyser4r@simplemachines.org,Male,85.105.42.219
173,Eda,McWhan,emcwhan4s@nyu.edu,Female,223.148.246.37
174,Nap,Degli Antoni,ndegliantoni4t@spiegel.de,Male,190.224.181.230
175,Stavros,Bartlomiej,sbartlomiej4u@example.com,Male,201.157.220.4
176,Kath,Krystof,kkrystof4v@ed.gov,Female,107.213.163.166
177,Lutero,Found,lfound4w@home.pl,Male,199.159.4.13
178,Luciano,Boller,lboller4x@squarespace.com,Male,49.114.219.200
179,Luelle,Leate,lleate4y@craigslist.org,Female,56.39.30.149
180,Ricky,Delbergue,rdelbergue4z@nhs.uk,Female,75.38.65.94
181,Torey,Colecrough,tcolecrough50@mozilla.com,Male,254.193.45.217
182,Roselin,Condy,rcondy51@technorati.com,Female,55.13.247.151
183,Babb,Stanford,bstanford52@jimdo.com,Female,109.67.184.178
184,Pooh,MacAskie,pmacaskie53@unc.edu,Male,69.30.203.143
185,Brien,Farthin,bfarthin54@oracle.com,Male,179.82.248.223
186,Mindy,Skinner,mskinner55@unc.edu,Female,214.175.249.88
187,Nigel,Filasov,nfilasov56@a8.net,Genderfluid,226.91.35.183
188,Ulises,Gamble,ugamble57@tumblr.com,Male,222.62.117.39
189,Fritz,Agerskow,fagerskow58@blinklist.com,Non-binary,98.200.67.192
190,Thatcher,Merring,tmerring59@merriam-webster.com,Male,2.169.226.64
191,Brittne,Hamel,bhamel5a@theglobeandmail.com,Genderqueer,203.241.187.166
192,Thorndike,Kilner,tkilner5b@comsenz.com,Male,187.172.85.75
193,Omar,Windaybank,owindaybank5c@geocities.jp,Male,189.25.14.221
194,Sheba,Schwartz,sschwartz5d@dmoz.org,Female,126.184.249.177
195,Dita,Divisek,ddivisek5e@mediafire.com,Female,68.186.17.6
196,Greer,Mandel,gmandel5f@state.gov,Female,147.12.108.253
197,Arty,Pummery,apummery5g@squarespace.com,Male,2.174.142.149
198,Yulma,Dadge,ydadge5h@spiegel.de,Male,137.97.13.84
199,Jacqui,Whiteson,jwhiteson5i@cdbaby.com,Female,85.182.94.199
200,Milicent,Jeeks,mjeeks5j@csmonitor.com,Female,213.129.78.6
201,Luci,Wettern,lwettern5k@goo.ne.jp,Female,4.252.73.237
202,Fanny,Jirieck,fjirieck5l@pbs.org,Female,67.95.63.224
203,Mar,Alessandrini,malessandrini5m@berkeley.edu,Male,204.86.45.233
204,Beth,Sheran,bsheran5n@bloglines.com,Female,110.164.159.224
205,Twila,Murrey,tmurrey5o@upenn.edu,Female,79.73.154.198
206,Menard,Rickford,mrickford5p@webeden.co.uk,Male,94.107.207.44
207,Hilly,Tomkinson,htomkinson5q@over-blog.com,Male,121.68.85.184
208,Humphrey,Keats,hkeats5r@soundcloud.com,Male,10.158.145.16
209,Mady,Dmitrievski,mdmitrievski5s@hibu.com,Female,18.173.62.151
210,Jareb,Georghiou,jgeorghiou5t@free.fr,Male,250.93.125.222
211,Nanete,Cleghorn,ncleghorn5u@google.co.uk,Female,232.165.32.205
212,Kent,Fewtrell,kfewtrell5v@google.ca,Male,179.40.89.179
213,Belia,Barltrop,bbarltrop5w@phpbb.com,Female,81.161.41.116
214,Ephraim,Choudhury,echoudhury5x@nifty.com,Male,92.113.101.10
215,Elsinore,Yellowlea,eyellowlea5y@adobe.com,Female,93.177.11.245
216,Andria,Piercy,apiercy5z@sina.com.cn,Female,83.29.146.71
217,Myranda,McLelland,mmclelland60@independent.co.uk,Female,36.127.222.174
218,Adelice,Mouton,amouton61@cyberchimps.com,Genderqueer,7.180.123.196
219,Chery,Lesor,clesor62@hc360.com,Female,180.143.153.53
220,Crystal,Convery,cconvery63@samsung.com,Female,50.121.9.217
221,Raimondo,Attew,rattew64@deliciousdays.com,Male,34.64.47.58
222,Siffre,Luckin,sluckin65@moonfruit.com,Male,88.245.218.9
223,Leilah,Witherow,lwitherow66@latimes.com,Female,103.250.243.54
224,Jae,Moon,jmoon67@si.edu,Male,101.87.220.177
225,Hollie,Hatto,hhatto68@arstechnica.com,Female,2.31.154.16
226,Early,Jannasch,ejannasch69@wordpress.org,Male,29.123.44.69
227,Tim,Blancowe,tblancowe6a@indiegogo.com,Male,183.107.82.110
228,Krispin,Gaughan,kgaughan6b@pbs.org,Bigender,152.10.243.194
229,Sigvard,Biddleston,sbiddleston6c@etsy.com,Male,254.206.101.205
230,Emlyn,Bates,ebates6d@wikia.com,Male,225.62.36.25
231,Giff,Filochov,gfilochov6e@instagram.com,Male,162.52.101.30
232,Blair,Missenden,bmissenden6f@slashdot.org,Female,22.101.99.16
233,Kerstin,Janaway,kjanaway6g@hhs.gov,Female,218.91.194.213
234,Quinta,Streeting,qstreeting6h@sohu.com,Agender,46.202.241.248
235,Joseito,Oldam,joldam6i@dmoz.org,Genderfluid,189.35.197.111
236,Matias,Bray,mbray6j@bloomberg.com,Male,204.241.196.27
237,Joleen,Eames,jeames6k@goodreads.com,Female,147.245.116.37
238,Gasper,Stracey,gstracey6l@ucoz.ru,Male,236.57.71.103
239,Zia,Strettell,zstrettell6m@com.com,Female,3.140.148.114
240,Lucio,Tappin,ltappin6n@friendfeed.com,Male,130.24.18.127
241,Faith,Tathacott,ftathacott6o@w3.org,Female,61.215.161.35
242,Blondy,Saunton,bsaunton6p@engadget.com,Female,53.75.178.17
243,Claudio,Blazynski,cblazynski6q@a8.net,Male,243.139.142.4
244,Beret,Spieck,bspieck6r@myspace.com,Female,88.118.93.34
245,Magdalena,Marousek,mmarousek6s@go.com,Female,110.121.85.160
246,Brenden,Dahlen,bdahlen6t@jiathis.com,Male,108.38.70.82
247,Idell,Pury,ipury6u@springer.com,Female,218.109.152.26
248,Cornelle,Beames,cbeames6v@cyberchimps.com,Female,251.35.184.238
249,Carmelle,Spilstead,cspilstead6w@barnesandnoble.com,Female,192.132.116.9
250,Webb,Werrilow,wwerrilow6x@homestead.com,Male,4.110.60.133
251,Emilia,Klamman,eklamman6y@ameblo.jp,Genderfluid,78.144.135.73
252,Saba,Mewitt,smewitt6z@howstuffworks.com,Female,219.62.142.205
253,Idelle,Chastel,ichastel70@home.pl,Female,105.213.140.51
254,Jessi,Joncic,jjoncic71@wisc.edu,Female,151.195.180.214
255,Ivy,Picard,ipicard72@pcworld.com,Female,238.32.101.113
256,Daron,Minthorpe,dminthorpe73@home.pl,Bigender,233.31.171.195
257,Stephan,Phinnis,sphinnis74@msn.com,Male,101.38.247.251
258,Mike,Allitt,mallitt75@angelfire.com,Male,180.116.10.6
259,Vanya,Jeenes,vjeenes76@spotify.com,Male,104.174.0.26
260,Jesus,Baudon,jbaudon77@unicef.org,Male,15.41.16.158
261,Robinetta,Barroux,rbarroux78@tripadvisor.com,Non-binary,254.143.180.11
262,Valaria,Pietrzyk,vpietrzyk79@sbwire.com,Female,197.198.36.117
263,Corabel,Harte,charte7a@skyrock.com,Female,67.27.204.1
264,Corbett,Pezey,cpezey7b@samsung.com,Male,164.192.163.165
265,Ced,Galbreth,cgalbreth7c@hc360.com,Male,134.29.237.164
266,Jobye,Gimeno,jgimeno7d@va.gov,Female,136.242.37.60
267,Jobye,Flisher,jflisher7e@princeton.edu,Female,110.201.183.201
268,Abba,Preto,apreto7f@elpais.com,Male,7.132.248.72
269,Stacy,Edmenson,sedmenson7g@imageshack.us,Female,132.34.60.31
270,Keelia,Mc Comb,kmccomb7h@sciencedaily.com,Female,28.63.199.162
271,Quintus,Grigoire,qgrigoire7i@dot.gov,Male,218.107.168.118
272,Rutger,Screas,rscreas7j@google.cn,Male,172.232.159.226
273,Isidro,Eadmeades,ieadmeades7k@google.ru,Male,196.138.254.62
274,Filberte,Gleadhell,fgleadhell7l@soundcloud.com,Male,236.143.166.212
275,Boycey,Stainson,bstainson7m@alibaba.com,Male,42.175.185.194
276,Almeda,Ferry,aferry7n@example.com,Female,50.52.175.181
277,Johann,Paton,jpaton7o@narod.ru,Male,149.206.129.51
278,Guthrie,Gowrie,ggowrie7p@bbc.co.uk,Male,12.24.39.174
279,Fifine,Renfree,frenfree7q@slate.com,Female,20.152.236.109
280,Ardyth,Pablos,apablos7r@naver.com,Female,10.90.194.92
281,Ernst,Guillard,eguillard7s@mtv.com,Male,40.79.107.21
282,Cornela,Fells,cfells7t@uiuc.edu,Female,32.246.84.92
283,Leonore,Monckman,lmonckman7u@tinyurl.com,Female,87.153.107.208
284,Farah,Rutherford,frutherford7v@prnewswire.com,Female,45.24.103.214
285,Bronnie,Agastina,bagastina7w@vimeo.com,Male,60.206.127.126
286,Bryn,Treneer,btreneer7x@yahoo.co.jp,Male,102.91.244.47
287,Layton,Bourchier,lbourchier7y@census.gov,Polygender,45.212.250.82
288,Jamesy,Webland,jwebland7z@hibu.com,Polygender,58.205.92.82
289,Rossie,Callear,rcallear80@techcrunch.com,Male,34.86.243.53
290,Gerrard,MacConchie,gmacconchie81@msu.edu,Genderfluid,39.151.103.45
291,Mahmud,Waterfield,mwaterfield82@ycombinator.com,Male,133.185.171.144
292,Lorin,Bedward,lbedward83@oracle.com,Male,255.2.156.220
293,Lew,Portigall,lportigall84@cam.ac.uk,Bigender,154.211.14.242
294,Faber,Selvey,fselvey85@weather.com,Bigender,210.164.253.186
295,Veronique,Palatino,vpalatino86@bandcamp.com,Female,43.163.33.192
296,Gerik,Sell,gsell87@meetup.com,Male,240.214.80.114
297,Devonna,Franke,dfranke88@bloglines.com,Genderqueer,11.83.45.173
298,Sinclare,Corran,scorran89@storify.com,Male,202.172.125.245
299,Terrence,Brackley,tbrackley8a@chicagotribune.com,Bigender,107.151.7.218
300,Skip,Dolbey,sdolbey8b@howstuffworks.com,Male,152.223.198.197
301,Bartie,Reiach,breiach8c@usgs.gov,Male,88.178.180.115
302,Doretta,Castrillo,dcastrillo8d@discuz.net,Bigender,61.168.245.10
303,Moises,Markey,mmarkey8e@spotify.com,Male,50.94.84.8
304,Horacio,Randales,hrandales8f@google.com.au,Male,134.0.190.157
305,Marten,Littleton,mlittleton8g@ezinearticles.com,Male,142.212.127.147
306,Daphna,Rikel,drikel8h@umn.edu,Female,108.239.140.72
307,Kort,Stachini,kstachini8i@csmonitor.com,Genderfluid,190.152.61.93
308,Katerine,Bollins,kbollins8j@addtoany.com,Female,113.146.86.236
309,Camel,Detoc,cdetoc8k@dailymail.co.uk,Female,196.157.65.94
310,Raul,Baynard,rbaynard8l@bbb.org,Male,58.244.169.69
311,Willi,Brunone,wbrunone8m@cnbc.com,Male,210.11.130.46
312,Birch,Milsap,bmilsap8n@qq.com,Male,144.36.103.72
313,Giralda,Tarr,gtarr8o@1und1.de,Female,148.10.225.19
314,Currie,Gawne,cgawne8p@networksolutions.com,Male,121.34.107.243
315,Isabeau,McHardy,imchardy8q@4shared.com,Female,23.152.93.241
316,Denise,Knowler,dknowler8r@linkedin.com,Genderfluid,90.149.30.208
317,Constantin,Aikett,caikett8s@nature.com,Male,99.208.199.100
318,Rowney,Saiz,rsaiz8t@ftc.gov,Male,150.119.208.127
319,Anne-corinne,Gloy,agloy8u@diigo.com,Female,97.160.65.26
320,Zita,Kitchiner,zkitchiner8v@miibeian.gov.cn,Polygender,33.70.41.131
321,Noelyn,Schwandermann,nschwandermann8w@xrea.com,Female,217.234.139.218
322,Raffaello,Spensley,rspensley8x@cyberchimps.com,Male,201.31.128.51
323,Christian,Coutts,ccoutts8y@indiegogo.com,Male,83.134.174.79
324,Kerstin,Colbridge,kcolbridge8z@google.com.au,Female,144.247.96.5
325,Curt,Robbie,crobbie90@biblegateway.com,Male,174.108.139.124
326,Arte,Dawnay,adawnay91@utexas.edu,Male,211.73.240.88
327,York,Micheu,ymicheu92@blogtalkradio.com,Male,194.101.53.94
328,Sorcha,Mobberley,smobberley93@hexun.com,Female,152.65.135.166
329,Winona,Jurick,wjurick94@cnn.com,Female,114.14.163.190
330,Gwenora,Crim,gcrim95@shutterfly.com,Female,127.209.204.205
331,Mickie,Hasely,mhasely96@kickstarter.com,Female,21.255.119.24
332,Damaris,California,dcalifornia97@businesswire.com,Female,101.179.227.100
333,Georgie,Mincini,gmincini98@lycos.com,Female,217.29.4.81
334,Gerard,Shorter,gshorter99@ameblo.jp,Male,158.189.219.240
335,Halsey,Proske,hproske9a@twitpic.com,Male,124.105.89.65
336,Kyla,Wybrew,kwybrew9b@java.com,Female,85.129.215.175
337,Yetty,Blowfelde,yblowfelde9c@flavors.me,Female,184.86.39.77
338,Donnamarie,Tofanini,dtofanini9d@prweb.com,Female,76.121.163.207
339,Leonard,Dymick,ldymick9e@engadget.com,Male,233.240.127.210
340,Brian,Beadham,bbeadham9f@google.nl,Male,193.2.20.99
341,Hallsy,Larmour,hlarmour9g@npr.org,Male,248.82.220.141
342,Sascha,Klimmek,sklimmek9h@jalbum.net,Bigender,2.81.68.147
343,Paddy,Davenhall,pdavenhall9i@biblegateway.com,Male,101.18.108.132
344,Babbette,Lionel,blionel9j@tuttocitta.it,Female,231.174.70.17
345,Sada,Mapplebeck,smapplebeck9k@uol.com.br,Bigender,44.122.194.97
346,Katey,Helsdon,khelsdon9l@techcrunch.com,Female,174.103.88.166
347,Marybelle,Chasmoor,mchasmoor9m@twitter.com,Female,68.11.140.168
348,Gram,Poetz,gpoetz9n@phpbb.com,Male,86.218.108.171
349,Heinrik,Dando,hdando9o@apple.com,Male,44.213.53.241
350,Kincaid,Romand,kromand9p@tuttocitta.it,Male,50.36.255.101
351,Marve,Medling,mmedling9q@seesaa.net,Male,32.166.191.114
352,Lotte,Kennifick,lkennifick9r@businesswire.com,Female,193.195.250.220
353,Herman,Beccera,hbeccera9s@businesswire.com,Male,253.79.104.193
354,Adrea,Horsey,ahorsey9t@sciencedaily.com,Female,214.240.51.152
355,Nathanil,Wildblood,nwildblood9u@tinyurl.com,Bigender,181.129.51.113
356,Becky,Clausewitz,bclausewitz9v@vistaprint.com,Female,34.25.113.17
357,Rebecka,Allberry,rallberry9w@drupal.org,Female,158.68.33.245
358,Andreas,Abelevitz,aabelevitz9x@freewebs.com,Male,158.31.157.51
359,Robinet,Middis,rmiddis9y@foxnews.com,Female,102.20.46.245
360,Burke,Chilcotte,bchilcotte9z@weebly.com,Male,4.73.95.246
361,Rob,Euels,reuelsa0@rambler.ru,Male,30.174.190.119
362,La verne,Badcock,lbadcocka1@dell.com,Female,172.50.103.166
363,Jenine,Lansbury,jlansburya2@networksolutions.com,Genderqueer,225.69.103.113
364,Gale,Hendriksen,ghendriksena3@skyrock.com,Female,120.5.204.162
365,Matteo,McMillan,mmcmillana4@amazon.co.uk,Male,190.98.186.145
366,Linc,Manders,lmandersa5@canalblog.com,Male,175.149.236.191
367,Michel,Tchir,mtchira6@naver.com,Male,55.111.96.253
368,Barbi,Blenkharn,bblenkharna7@eventbrite.com,Female,251.192.74.152
369,Jerrie,Snedden,jsneddena8@amazon.de,Male,118.236.238.173
370,Timoteo,Hannaway,thannawaya9@usda.gov,Male,41.53.25.239
371,Helyn,Juckes,hjuckesaa@technorati.com,Female,107.91.241.43
372,Brion,Ashpole,bashpoleab@nba.com,Male,141.68.170.107
373,Freeland,Lampart,flampartac@webeden.co.uk,Male,35.224.27.249
374,Jorey,Percifer,jperciferad@cnet.com,Female,4.93.49.215
375,Georgianne,Wyles,gwylesae@nba.com,Female,9.168.116.81
376,Lou,Rands,lrandsaf@ebay.co.uk,Female,177.185.81.28
377,Davide,Giraudel,dgiraudelag@cisco.com,Male,73.66.127.22
378,Latrina,Lapslie,llapslieah@harvard.edu,Polygender,193.8.231.41
379,Joyce,Scud,jscudai@unc.edu,Female,248.43.171.161
380,Cinderella,Bonelle,cbonelleaj@t-online.de,Non-binary,7.247.220.15
381,Keeley,Sawfoot,ksawfootak@phoca.cz,Female,55.60.41.151
382,Cob,Kolinsky,ckolinskyal@youtube.com,Male,33.240.227.239
383,Benny,Domican,bdomicanam@ox.ac.uk,Male,214.72.218.151
384,Ida,Clayden,iclaydenan@oaic.gov.au,Genderqueer,65.109.122.76
385,Alfie,Weinberg,aweinbergao@google.ca,Male,201.61.67.167
386,Jacky,Derye-Barrett,jderyebarrettap@examiner.com,Male,20.129.32.193
387,Susi,Bithell,sbithellaq@vinaora.com,Female,36.125.191.75
388,Rhonda,Hawe,rhawear@moonfruit.com,Female,30.151.65.85
389,Shermie,Josefson,sjosefsonas@comsenz.com,Male,200.126.17.213
390,Bjorn,Dumberell,bdumberellat@kickstarter.com,Male,241.112.210.34
391,Hamid,Winwood,hwinwoodau@toplist.cz,Agender,113.91.218.237
392,Kittie,Healeas,khealeasav@comcast.net,Female,162.228.202.202
393,Lanny,Shirer,lshireraw@unblog.fr,Female,213.123.15.17
394,Rockey,Grenshields,rgrenshieldsax@dmoz.org,Male,182.101.223.202
395,Terry,Southward,tsouthwarday@disqus.com,Genderfluid,152.255.187.100
396,Lemmy,Brandin,lbrandinaz@alexa.com,Male,118.26.72.52
397,Kirk,Oxenham,koxenhamb0@uiuc.edu,Male,140.102.184.25
398,Katey,Breed,kbreedb1@hostgator.com,Female,243.115.245.29
399,Alonso,Bergin,aberginb2@nyu.edu,Male,202.220.132.176
400,Avigdor,Bellenger,abellengerb3@unc.edu,Male,102.211.40.120
401,Moira,Baylie,mbaylieb4@jiathis.com,Female,38.96.45.217
402,Correy,Haquin,chaquinb5@xrea.com,Female,119.191.22.164
403,Nevsa,Edgecumbe,nedgecumbeb6@mysql.com,Female,242.112.46.219
404,Aldridge,Hellwich,ahellwichb7@bbc.co.uk,Male,22.135.212.87
405,Viv,Insole,vinsoleb8@digg.com,Female,80.58.77.146
406,Saxon,Woolfitt,swoolfittb9@princeton.edu,Male,184.182.49.249
407,Krishna,Barhem,kbarhemba@wikipedia.org,Male,146.189.175.95
408,Modestia,Ridolfo,mridolfobb@fema.gov,Female,226.239.6.141
409,Mirella,Cristoforetti,mcristoforettibc@phpbb.com,Female,21.154.118.75
410,Sibyl,Fitzsimon,sfitzsimonbd@yolasite.com,Female,154.21.108.2
411,Grenville,Bockh,gbockhbe@china.com.cn,Polygender,181.10.189.183
412,Alverta,MacFadden,amacfaddenbf@mysql.com,Female,230.176.118.239
413,Arlyne,Gedney,agedneybg@kickstarter.com,Female,94.148.157.149
414,Josias,Meade,jmeadebh@smh.com.au,Male,5.8.186.234
415,Murry,Lelievre,mlelievrebi@usatoday.com,Male,255.254.227.153
416,Josias,Piscot,jpiscotbj@bbb.org,Male,34.91.69.158
417,Vicky,Davids,vdavidsbk@tamu.edu,Female,189.47.7.222
418,Tadio,Scrase,tscrasebl@addtoany.com,Male,16.179.33.23
419,Sebastian,Gowdridge,sgowdridgebm@163.com,Male,244.242.217.51
420,Rivalee,Wickes,rwickesbn@jigsy.com,Female,229.247.215.76
421,Eyde,Dabbes,edabbesbo@devhub.com,Female,226.228.20.156
422,Julina,Schettini,jschettinibp@npr.org,Female,216.77.28.143
423,Gard,Guilloton,gguillotonbq@constantcontact.com,Male,153.237.239.69
424,Chen,Collinge,ccollingebr@rambler.ru,Male,144.169.212.124
425,Ambrosi,D'Andrea,adandreabs@github.io,Male,192.98.192.102
426,Orazio,Bartlett,obartlettbt@biblegateway.com,Male,28.3.62.138
427,Dyane,Olerenshaw,dolerenshawbu@tamu.edu,Female,11.100.90.205
428,Drud,Burgoyne,dburgoynebv@nhs.uk,Male,59.4.179.70
429,Amalia,Willavoys,awillavoysbw@goo.gl,Female,188.239.66.73
430,Duff,Peakman,dpeakmanbx@instagram.com,Agender,116.219.120.55
431,Hyatt,MacConnel,hmacconnelby@comcast.net,Male,63.155.214.44
432,Julio,Weth,jwethbz@state.gov,Male,248.227.128.224
433,Neils,Gini,nginic0@theglobeandmail.com,Male,251.2.61.29
434,Vin,Scarasbrick,vscarasbrickc1@wikipedia.org,Female,42.62.63.171
435,Judon,Trank,jtrankc2@craigslist.org,Male,134.251.116.52
436,Stephi,Veracruysse,sveracruyssec3@umn.edu,Female,22.239.131.13
437,Debra,Dover,ddoverc4@msn.com,Female,101.170.107.16
438,Orv,Barkworth,obarkworthc5@usgs.gov,Male,4.80.201.113
439,Abbye,Windram,awindramc6@fda.gov,Female,5.230.97.188
440,Ed,Jozefczak,ejozefczakc7@google.com.br,Male,92.1.237.109
441,Kimbell,McIlwaine,kmcilwainec8@buzzfeed.com,Male,46.222.23.242
442,Yank,Lindores,ylindoresc9@typepad.com,Male,66.225.87.170
443,Sonny,Pochin,spochinca@eventbrite.com,Female,217.110.86.90
444,Brinna,Masserel,bmasserelcb@barnesandnoble.com,Female,223.68.123.223
445,Kendell,Huskinson,khuskinsoncc@time.com,Male,224.241.182.196
446,Raff,Kelleher,rkellehercd@bbc.co.uk,Male,31.142.19.210
447,Louisa,Klima,lklimace@mac.com,Female,52.147.62.215
448,Obidiah,Plevey,opleveycf@yellowpages.com,Male,253.47.131.231
449,Rudyard,Flanders,rflanderscg@lycos.com,Male,98.219.6.108
450,Abraham,Copperwaite,acopperwaitech@cam.ac.uk,Male,134.236.198.47
451,Darell,Ertelt,derteltci@rakuten.co.jp,Agender,78.36.114.14
452,Beret,Pipping,bpippingcj@mtv.com,Female,73.175.210.64
453,Karla,Hurworth,khurworthck@fotki.com,Female,69.253.74.205
454,Francesco,Kipping,fkippingcl@nasa.gov,Male,252.251.97.59
455,Milo,Colin,mcolincm@si.edu,Male,73.106.45.41
456,Fletcher,Forre,fforrecn@pagesperso-orange.fr,Male,146.160.124.83
457,Antone,Danihel,adanihelco@comsenz.com,Male,31.172.93.8
458,Chad,Gooden,cgoodencp@hatena.ne.jp,Female,22.133.42.57
459,Vlad,Suche,vsuchecq@godaddy.com,Male,102.46.59.26
460,Linoel,Aleveque,lalevequecr@jiathis.com,Male,243.9.176.140
461,Brockie,Dobey,bdobeycs@ibm.com,Non-binary,120.69.93.104
462,Donnie,Hardwidge,dhardwidgect@zimbio.com,Female,254.10.224.90
463,Jarrett,Polle,jpollecu@ca.gov,Male,5.158.181.48
464,Beret,Whyatt,bwhyattcv@trellian.com,Female,70.207.138.238
465,Engelbert,Heams,eheamscw@hp.com,Male,176.238.235.222
466,Nellie,Pietsma,npietsmacx@imgur.com,Female,29.187.40.172
467,Rochelle,Prangle,rpranglecy@storify.com,Female,148.140.97.91
468,Mata,Huskinson,mhuskinsoncz@usnews.com,Male,173.12.17.115
469,Tybalt,Rotlauf,trotlaufd0@deviantart.com,Male,190.106.84.60
470,Drusy,Santarelli,dsantarellid1@amazonaws.com,Female,202.6.3.158
471,Cletus,Hanbury,chanburyd2@oracle.com,Male,82.166.66.221
472,Paulie,Elia,peliad3@purevolume.com,Female,201.204.59.193
473,Zeke,Yitzowitz,zyitzowitzd4@cnbc.com,Male,240.31.67.59
474,Adelind,Stonebanks,astonebanksd5@domainmarket.com,Female,212.125.252.165
475,Maureen,Madgett,mmadgettd6@oaic.gov.au,Female,217.179.233.100
476,Lavinie,McPike,lmcpiked7@dedecms.com,Female,159.232.240.57
477,Waneta,Streeter,wstreeterd8@jalbum.net,Female,225.117.15.86
478,Addi,Risbie,arisbied9@yellowpages.com,Female,136.196.184.238
479,Larine,Rollett,lrollettda@is.gd,Female,119.169.183.54
480,Jehanna,Peace,jpeacedb@tripod.com,Female,52.186.233.123
481,Sarge,Broomer,sbroomerdc@newyorker.com,Genderfluid,140.95.72.241
482,Aubry,Vassall,avassalldd@seattletimes.com,Female,56.60.117.244
483,Fraser,Sharpless,fsharplessde@photobucket.com,Male,92.196.155.164
484,Grant,Siberry,gsiberrydf@geocities.jp,Male,151.195.109.95
485,Hazlett,Angier,hangierdg@opera.com,Male,178.252.246.182
486,Catlaina,Raittie,craittiedh@sciencedirect.com,Female,202.177.128.62
487,Monica,Eddoes,meddoesdi@dot.gov,Female,107.69.10.45
488,Rance,Blunkett,rblunkettdj@nydailynews.com,Male,234.183.185.67
489,Clemmy,Amos,camosdk@free.fr,Male,109.186.198.181
490,Granthem,Branchflower,gbranchflowerdl@vinaora.com,Male,205.189.142.95
491,Vidovic,Lelievre,vlelievredm@g.co,Male,114.159.119.189
492,Adolf,Tedder,atedderdn@mysql.com,Male,17.245.213.159
493,Cosme,Dufour,cdufourdo@tiny.cc,Male,53.217.87.49
494,Suzi,McCreadie,smccreadiedp@prlog.org,Female,50.244.154.80
495,Vittorio,Carillo,vcarillodq@tumblr.com,Male,234.243.104.18
496,Alvie,Braid,abraiddr@t.co,Male,138.249.232.145
497,Gregoire,Rout,groutds@marketwatch.com,Male,171.166.223.80
498,Geri,Colbertson,gcolbertsondt@amazon.de,Female,33.188.4.168
499,Nesta,Wooderson,nwoodersondu@tripod.com,Female,167.109.202.63
500,Marcella,Ajean,majeandv@japanpost.jp,Female,63.142.204.169
501,Araldo,Scothorn,ascothorndw@narod.ru,Male,96.199.12.25
502,Berthe,Ethridge,bethridgedx@cbsnews.com,Female,189.248.99.8
503,Ebba,Hingeley,ehingeleydy@unicef.org,Female,120.15.58.115
504,Colman,Harpin,charpindz@dagondesign.com,Male,113.193.241.70
505,Barbaraanne,Brooke,bbrookee0@netvibes.com,Female,27.135.86.137
506,Rosalinde,Boaler,rboalere1@ucsd.edu,Female,65.107.49.144
507,Jasen,Corradetti,jcorradettie2@google.co.uk,Male,10.8.163.253
508,Chelsie,Corradengo,ccorradengoe3@xrea.com,Female,183.158.15.149
509,Rolfe,Arman,rarmane4@google.cn,Male,178.181.97.0
510,Ole,Ludwikiewicz,oludwikiewicze5@rediff.com,Genderfluid,49.25.133.222
511,Eloisa,Knok,eknoke6@flavors.me,Female,182.198.99.120
512,Philippine,Doram,pdorame7@army.mil,Female,97.154.91.153
513,Chrissy,Hauxby,chauxbye8@zdnet.com,Male,122.65.231.220
514,Gabey,Remmers,gremmerse9@webs.com,Female,161.225.131.36
515,Ximenez,Cleverly,xcleverlyea@squarespace.com,Male,56.202.37.249
516,Kort,Stollsteimer,kstollsteimereb@webmd.com,Male,6.56.161.116
517,Dion,Gabler,dgablerec@ucsd.edu,Male,47.59.23.41
518,Teirtza,Babbage,tbabbageed@mashable.com,Female,113.89.48.142
519,Cinda,Rising,crisingee@ibm.com,Female,2.99.98.247
520,Carolina,Friberg,cfribergef@foxnews.com,Female,43.23.73.255
521,Alaric,Speenden,aspeendeneg@nydailynews.com,Male,113.185.190.242
522,Bonny,Brownell,bbrownelleh@moonfruit.com,Female,159.38.3.152
523,Gerladina,Eliet,gelietei@ibm.com,Female,17.109.80.225
524,Batholomew,Batsford,bbatsfordej@blogger.com,Genderqueer,12.148.177.32
525,Hagen,Arthur,harthurek@addtoany.com,Male,119.119.107.230
526,Daniel,Revening,dreveningel@bbc.co.uk,Male,88.16.102.132
527,Harley,Hubeaux,hhubeauxem@disqus.com,Female,97.242.121.67
528,Waylin,Housden,whousdenen@purevolume.com,Bigender,30.47.81.234
529,Trudi,Nisuis,tnisuiseo@techcrunch.com,Female,76.153.246.223
530,Sherwood,Dennert,sdennertep@tinypic.com,Male,118.210.219.186
531,Thia,Maiklem,tmaiklemeq@vinaora.com,Female,12.233.27.17
532,Suki,Surgeon,ssurgeoner@gnu.org,Non-binary,230.106.9.179
533,Brock,Lait,blaites@weebly.com,Male,113.246.164.143
534,Shelbi,Camamill,scamamillet@hp.com,Non-binary,129.3.141.249
535,Lotta,Lehrian,llehrianeu@list-manage.com,Female,152.218.56.130
536,Atlante,Paramore,aparamoreev@google.co.uk,Female,147.208.209.187
537,Martie,Anglim,manglimew@who.int,Female,145.221.13.52
538,Ozzy,Wetherhead,owetherheadex@google.nl,Male,52.67.209.150
539,Arabele,Albasini,aalbasiniey@illinois.edu,Genderqueer,178.255.85.198
540,Jess,Keele,jkeeleez@guardian.co.uk,Male,48.87.105.153
541,Wendi,Vink,wvinkf0@java.com,Female,33.3.68.117
542,Orton,Ivey,oiveyf1@biblegateway.com,Male,16.135.73.143
543,Zenia,Gilham,zgilhamf2@acquirethisname.com,Female,156.52.159.201
544,Valli,Fairy,vfairyf3@pen.io,Female,163.189.231.123
545,Uriah,Newsham,unewshamf4@craigslist.org,Male,109.4.90.254
546,Ciro,Owain,cowainf5@shinystat.com,Male,88.216.143.195
547,Loleta,Grob,lgrobf6@flickr.com,Female,180.109.172.107
548,Theobald,Fidelus,tfidelusf7@theatlantic.com,Male,239.3.83.8
549,Dietrich,Petrosian,dpetrosianf8@wp.com,Male,88.229.254.111
550,Berri,Broadist,bbroadistf9@npr.org,Non-binary,165.175.183.180
551,Sande,Hansie,shansiefa@amazonaws.com,Genderfluid,0.66.163.23
552,Tybi,Wyrill,twyrillfb@youtube.com,Female,93.37.192.125
553,Nona,Pavolillo,npavolillofc@tamu.edu,Female,179.228.200.199
554,Staford,Bourgeois,sbourgeoisfd@cnet.com,Male,67.111.115.105
555,Vin,Cometti,vcomettife@posterous.com,Bigender,30.184.241.26
556,Luella,Vizor,lvizorff@gov.uk,Female,164.8.228.226
557,Hilliary,Unstead,hunsteadfg@rambler.ru,Female,240.182.153.33
558,Lorant,Wagg,lwaggfh@microsoft.com,Male,69.231.161.86
559,Chloris,Aldersea,calderseafi@oakley.com,Agender,239.185.178.64
560,Michell,Lowmass,mlowmassfj@example.com,Female,166.195.145.63
561,Keslie,Zmitruk,kzmitrukfk@discovery.com,Female,219.210.43.252
562,Inigo,Rimour,irimourfl@jigsy.com,Male,199.37.108.98
563,Dulce,Jirzik,djirzikfm@bluehost.com,Female,203.162.212.37
564,Joycelin,Heasly,jheaslyfn@toplist.cz,Female,237.56.22.38
565,Aube,Hallitt,ahallittfo@mlb.com,Male,111.234.237.92
566,Clifford,Bathurst,cbathurstfp@storify.com,Non-binary,252.243.219.105
567,Celestia,Tuppeny,ctuppenyfq@phoca.cz,Female,155.59.228.177
568,Elbert,Bail,ebailfr@samsung.com,Male,63.3.55.89
569,Chrysler,Staning,cstaningfs@deviantart.com,Female,223.160.85.173
570,Myca,Berns,mbernsft@cbslocal.com,Male,190.165.98.60
571,Domeniga,Mewett,dmewettfu@fastcompany.com,Female,215.254.176.72
572,Gretal,Fruish,gfruishfv@meetup.com,Female,166.0.170.183
573,Deane,Gooddie,dgooddiefw@webmd.com,Female,90.190.5.211
574,Jasmina,Kelle,jkellefx@globo.com,Female,83.60.149.112
575,Grethel,Holywell,gholywellfy@squidoo.com,Female,213.163.39.214
576,Twyla,Lorenzini,tlorenzinifz@google.co.jp,Female,180.20.45.30
577,Egon,Hartright,ehartrightg0@fastcompany.com,Male,85.226.224.6
578,Kenny,Kilcoyne,kkilcoyneg1@free.fr,Male,190.190.32.140
579,Tobin,Fautly,tfautlyg2@nbcnews.com,Male,196.166.64.34
580,Ancell,Shall,ashallg3@flavors.me,Male,167.40.54.136
581,Thelma,Kardos,tkardosg4@e-recht24.de,Female,125.29.87.90
582,Adelheid,Ivashintsov,aivashintsovg5@cargocollective.com,Female,160.199.68.42
583,Brittaney,Bugg,bbuggg6@irs.gov,Female,211.177.169.239
584,Pate,Castanie,pcastanieg7@kickstarter.com,Male,113.74.128.242
585,Shelba,Doncaster,sdoncasterg8@microsoft.com,Female,235.211.59.213
586,Corri,Labone,claboneg9@tiny.cc,Female,93.130.203.204
587,Ulric,Lippard,ulippardga@jalbum.net,Male,222.89.197.177
588,Odilia,Ganing,oganinggb@addthis.com,Female,128.0.142.145
589,Gary,Bartalin,gbartalingc@about.com,Male,54.87.236.231
590,Norean,Dowell,ndowellgd@blogspot.com,Female,100.214.39.180
591,Renelle,Wasmuth,rwasmuthge@wsj.com,Female,135.45.210.87
592,Daron,Canwell,dcanwellgf@rediff.com,Male,128.132.91.67
593,Prentiss,Markl,pmarklgg@bing.com,Male,0.117.79.14
594,Suzann,McMenamy,smcmenamygh@harvard.edu,Female,93.206.130.55
595,Adelice,Wolfenden,awolfendengi@ning.com,Female,169.227.228.58
596,Sharleen,Dooney,sdooneygj@last.fm,Female,254.9.69.55
597,Darcy,Porteous,dporteousgk@liveinternet.ru,Male,13.244.8.163
598,Rosamund,Gatheridge,rgatheridgegl@sitemeter.com,Female,52.92.189.219
599,Kerianne,Coxon,kcoxongm@diigo.com,Female,196.83.59.68
600,Nanci,Wallenger,nwallengergn@forbes.com,Female,31.86.74.86
