id,first_name,last_name,email,gender,ip_address
1,Allyson,Greenough,agreenough0@e-recht24.de,Female,164.190.228.189
2,Lily,Van Der Vlies,lvandervlies1@cdc.gov,Female,155.158.219.135
3,Adela,Birkenshaw,abirkenshaw2@cnet.com,Female,190.19.214.129
4,Rolfe,Anglish,ranglish3@youku.com,Male,62.99.161.196
5,Car,Widdowson,cwiddowson4@yellowpages.com,Male,160.148.60.205
6,Wilfrid,Boor,wboor5@imgur.com,Male,34.111.221.246
7,Barrie,De La Haye,bdelahaye6@cbsnews.com,Male,122.17.235.56
8,Junette,Maskell,jmaskell7@theglobeandmail.com,Female,75.227.145.75
9,Rad,Threadgold,rthreadgold8@thetimes.co.uk,Male,196.91.106.30
10,Jillene,Alfonzo,jalfonzo9@netscape.com,Female,20.107.38.196
11,Mar,Filippucci,mfilippuccia@symantec.com,Male,220.102.150.79
12,Mildred,Bernhart,mbernhartb@sphinn.com,Female,131.91.64.24
13,Hilton,Lewin,hlewinc@google.fr,Male,9.147.110.151
14,Jacki,Ramos,jramosd@fema.gov,Female,50.8.116.176
15,Atlanta,Balsillie,abalsilliee@com.com,Female,88.93.208.24
16,Jada,Vicar,jvicarf@intel.com,Female,255.58.169.53
17,Carson,L' Anglois,clangloisg@facebook.com,Genderfluid,67.72.46.9
18,Terrye,Schimann,tschimannh@washington.edu,Non-binary,159.224.89.254
19,Emmalynne,Bampforth,ebampforthi@mac.com,Female,167.192.94.52
20,Cariotta,Wike,cwikej@joomla.org,Female,177.5.138.87
